sdg,label,indicator,year,yearFormatted,interpretation
SDG 1,No Poverty,Population living below National Poverty line (%),2018,2018,Higher value means lower performance (-)
SDG 1,No Poverty,Percentage of households with any usual member covered by a health scheme or health insurance,2018,2018,Higher value means higher performance (+)
SDG 1,No Poverty,Persons offered employment as a percentage of persons who demanded employment under Mahatma Gandhi National Rural Employment Guarantee Act (MGNREGA),2018,2018,Higher value means higher performance (+)
SDG 1,No Poverty,Percentage of the population (out of total eligible population) receiving social protection benefits under Pradhan Mantri Matru Vandana Yojana (PMMVY),2018,2018,Higher value means higher performance (+)
SDG 1,No Poverty,"Number of homeless households per 10,000 households",2018,2018,Higher value means lower performance (-)
SDG 2,Zero Hunger,"Ratio of rural households covered under public distribution system to rural households where monthly income of highest earning member is less than Rs.5,000",2018,2018,Higher value means higher performance (+)
SDG 2,Zero Hunger,Percentage of children under five years who are stunted,2018,2018,Higher value means lower performance (-)
SDG 2,Zero Hunger,Percentage of pregnant women aged 15-49 years who are anaemic,2018,2018,Higher value means lower performance (-)
SDG 2,Zero Hunger,"Rice, wheat and coarse cereals produced annually per unit area (Kg/Ha)",2018,2018,Higher value means higher performance (+)
SDG 3,Good Health and Well-being,"Maternal Mortality Ratio (per 1,00,000 live births)",2018,2018,Higher value means lower performance (-)
SDG 3,Good Health and Well-being,"Under-five Mortality Rate (per 1,000 live births)",2018,2018,Higher value means lower performance (-)
SDG 3,Good Health and Well-being,"Children aged 12-23 months fully immunized (BCG, Measles and three doses of Pentavalent vaccine) (%)",2018,2018,Higher value means higher performance (+)
SDG 3,Good Health and Well-being,"Total case notification rate of Tuberculosis per 1,00,000 population",2018,2018,Higher value means higher performance (+)
SDG 3,Good Health and Well-being,"Number of governmental physicians, nurses and midwives per 1,00,000 population",2018,2018,Higher value means higher performance (+)
SDG 4,Quality Education,Adjusted Net Enrolment Ratio in Elementary (Class 1-8) and Secondary (Class 9-10) education,2018,2018,Higher value means higher performance (+)
SDG 4,Quality Education,"Correct responses on Learning Outcomes in Language, Mathematics and EVS for Class 5 students (%)",2018,2018,Higher value means higher performance (+)
SDG 4,Quality Education,"Correct responses on Learning Outcomes in Language, Mathematics, Science and Social Science for Class 8 students (%)",2018,2018,Higher value means higher performance (+)
SDG 4,Quality Education,Children in the age group of 6-13 who are out of school (%),2018,2018,Higher value means lower performance (-)
SDG 4,Quality Education,Average annual dropout rate at secondary level (class 9-10),2018,2018,Higher value means lower performance (-)
SDG 4,Quality Education,School teachers professionally qualified (%),2018,2018,Higher value means higher performance (+)
SDG 4,Quality Education,Percentage of schools with Pupil Teacher ratio less than/equal to 30,2018,2018,Higher value means higher performance (+)
SDG 5,Gender Equality,Sex ratio at birth,2018,2018,Higher value means higher performance (+)
SDG 5,Gender Equality,Ratio of female to male average wage/salary earnings received among regular wage/salaried employees,2018,2018,Higher value means higher performance (+)
SDG 5,Gender Equality,Percentage of ever married women aged 18-49 years who have ever experienced spousal violence (physical/sexual),2018,2018,Higher value means lower performance (-)
SDG 5,Gender Equality,Percentage of seats won by women in the general elections to state legislative assembly,2018,2018,Higher value means higher performance (+)
SDG 5,Gender Equality,Ratio of female to male Labour Force Participation Rate (LFPR) (15-59 years),2018,2018,Higher value means higher performance (+)
SDG 5,Gender Equality,Percentage of currently married women aged 15-49 years who have their demand for  family planning satisfied by any modern method,2018,2018,Higher value means higher performance (+)
SDG 6,Clean Water and Sanitation,Percentage of rural population having improved source of drinking water,2018,2018,Higher value means higher performance (+)
SDG 6,Clean Water and Sanitation,Percentage of rural households with individual household toilets,2018,2018,Higher value means higher performance (+)
SDG 6,Clean Water and Sanitation,Percentage of districts verified to be ODF (SBM(G)),2018,2018,Higher value means higher performance (+)
SDG 6,Clean Water and Sanitation,Installed sewage treatment capacity as a percentage of sewage generated in urban areas,2018,2018,Higher value means higher performance (+)
SDG 6,Clean Water and Sanitation,Percentage ground water withdrawal against availability,2018,2018,Higher value means lower performance (-)
SDG 7,Affordable and Clean Energy,Percentage of households electrified,2018,2018,Higher value means higher performance (+)
SDG 7,Affordable and Clean Energy,Percentage of households using clean cooking fuel (LPG),2018,2018,Higher value means higher performance (+)
SDG 7,Affordable and Clean Energy,Percentage of renewable energy out of total installed generating capacity (Including allocated shares),2018,2018,Higher value means higher performance (+)
SDG 8,Decent Work and Economic Growth,Annual growth rate of GDP (constant prices) per capita (%),2018,2018,Higher value means higher performance (+)
SDG 8,Decent Work and Economic Growth,Average unemployment rate per 1000 persons for males and females,2018,2018,Higher value means lower performance (-)
SDG 8,Decent Work and Economic Growth,Percentage of households with a bank account,2018,2018,Higher value means higher performance (+)
SDG 8,Decent Work and Economic Growth,"Automated Teller Machines (ATMs) per 1,00,000 population",2018,2018,Higher value means higher performance (+)
SDG 9,"Industry, Innovation and Infrastructure",Percentage of targeted habitations connected by all-weather roads under Pradhan Mantri Gram Sadak Yojana (PMGSY),2018,2018,Higher value means higher performance (+)
SDG 9,"Industry, Innovation and Infrastructure",Number of mobile connections per 100 persons in rural and urban area (Mobile Tele density),2018,2018,Higher value means higher performance (+)
SDG 9,"Industry, Innovation and Infrastructure",Number of Internet subscribers per 100 population,2018,2018,Higher value means higher performance (+)
SDG 9,"Industry, Innovation and Infrastructure",Gram Panchayats covered under Bharat Net (%),2018,2018,Higher value means higher performance (+)
SDG 10,Reduced Inequalities,Palma Ratio of Household Expenditure in Urban India,2018,2018,Higher value means lower performance (-)
SDG 10,Reduced Inequalities,Palma Ratio of Household Expenditure in Rural India,2018,2018,Higher value means lower performance (-)
SDG 10,Reduced Inequalities,Ratio of Transgender Labour force participation rate to Male Labour force participation rate,2018,2018,Higher value means higher performance (+)
SDG 10,Reduced Inequalities,Scheduled Caste Sub Plan fund utilised (%),2018,2018,Higher value means higher performance (+)
SDG 10,Reduced Inequalities,Tribal Sub Plan fund utilised (%),2018,2018,Higher value means higher performance (+)
SDG 11,Sustainable Cities and Communities,Houses completed under PMAY as a percentage of net demand assessment for houses,2018,2018,Higher value means higher performance (+)
SDG 11,Sustainable Cities and Communities,Percentage of urban households living in slums,2018,2018,Higher value means lower performance (-)
SDG 11,Sustainable Cities and Communities,Percentage of wards with 100% door to door waste collection (SBM(U)),2018,2018,Higher value means higher performance (+)
SDG 11,Sustainable Cities and Communities,Percentage of waste processed,2018,2018,Higher value means higher performance (+)
SDG 15,Life on Land,Forest cover as a percentage of total geographical area,2018,2018,Higher value means higher performance (+)
SDG 15,Life on Land,Decadal change in extent of water bodies within forests from 2005 to 2015 (%),2018,2018,Higher value means higher performance (+)
SDG 15,Life on Land,Change in forest area from 2015 to 2017 (%),2018,2018,Higher value means higher performance (+)
SDG 15,Life on Land,Change in estimated population of wild elephants over 5-year period (%),2018,2018,Higher value means higher performance (+)
SDG 16,"Peace, Justice and Strong Institutions",Murders per 1 lakh population,2018,2018,Higher value means lower performance (-)
SDG 16,"Peace, Justice and Strong Institutions",Cognizable crimes against children per 1 lakh population,2018,2018,Higher value means lower performance (-)
SDG 16,"Peace, Justice and Strong Institutions",Estimated number of courts per 10 Lakh persons,2018,2018,Higher value means higher performance (+)
SDG 16,"Peace, Justice and Strong Institutions",Estimated reported corruption crimes per 1 crore population,2018,2018,Higher value means lower performance (-)
SDG 16,"Peace, Justice and Strong Institutions",Percentage of births registered,2018,2018,Higher value means higher performance (+)
SDG 16,"Peace, Justice and Strong Institutions",Percentage of population covered under Aadhaar,2018,2018,Higher value means higher performance (+)
SDG 1,No Poverty,Population living below National Poverty line (%),2019,2019,Higher value means lower performance (-)
SDG 1,No Poverty,Percentage of households with any usual member covered by a health scheme or health insurance,2019,2019,Higher value means higher performance (+)
SDG 1,No Poverty,Persons offered employment as a percentage of persons who demanded employment under Mahatma Gandhi National Rural Employment Guarantee Act (MGNREGA),2019,2019,Higher value means higher performance (+)
SDG 1,No Poverty,Percentage of the population (out of total eligible population) receiving social protection benefits under Pradhan Mantri Matru Vandana Yojana (PMMVY),2019,2019,Higher value means higher performance (+)
SDG 1,No Poverty,Percentage of households living in katcha houses (rural + urban),2019,2019,Higher value means lower performance (-)
SDG 2,Zero Hunger,"Ratio of rural households covered under public distribution system to rural households where monthly income of highest earning member is less than Rs.5,000",2019,2019,Higher value means higher performance (+)
SDG 2,Zero Hunger,Percentage of children under five years who are stunted,2019,2019,Higher value means lower performance (-)
SDG 2,Zero Hunger,Percentage of pregnant women aged 15-49 years who are anaemic,2019,2019,Higher value means lower performance (-)
SDG 2,Zero Hunger,Percentage of children aged 6-59 months who are anaemic (Hb<11.0 g/dl),2019,2019,Higher value means lower performance (-)
SDG 2,Zero Hunger,Percentage children aged 0-4 years who are underweight,2019,2019,Higher value means lower performance (-)
SDG 2,Zero Hunger,"Rice, wheat and coarse cereals produced annually per unit area (Kg/Ha)",2019,2019,Higher value means higher performance (+)
SDG 2,Zero Hunger,Gross Value Added (constant prices) in agriculture per worker (in Lakhs/worker),2019,2019,Higher value means higher performance (+)
SDG 3,Good Health and Well-being,"Maternal Mortality Ratio (per 1,00,000 live births)",2019,2019,Higher value means lower performance (-)
SDG 3,Good Health and Well-being,Percentage of institutional deliveries out of the total deliveries reported,2019,2019,Higher value means higher performance (+)
SDG 3,Good Health and Well-being,"Under-five Mortality Rate (per 1,000 live births)",2019,2019,Higher value means lower performance (-)
SDG 3,Good Health and Well-being,Percentage of fully immunised children in the age group 0-5 years,2019,2019,Higher value means higher performance (+)
SDG 3,Good Health and Well-being,"Total case notification rate of Tuberculosis per 1,00,000 population",2019,2019,Higher value means higher performance (+)
SDG 3,Good Health and Well-being,"HIV incidence per 1,000 uninfected population",2019,2019,Higher value means lower performance (-)
SDG 3,Good Health and Well-being,Percentage of currently married women aged 15-49 years who have their demand for family planning satisfied by any modern method,2019,2019,Higher value means higher performance (+)
SDG 3,Good Health and Well-being,"Health worker density per 10,000 population",2019,2019,Higher value means higher performance (+)
SDG 4,Quality Education,Adjusted Net Enrolment Ratio in Elementary (Class 1-8) and Secondary (Class 9-10) education,2019,2019,Higher value means higher performance (+)
SDG 4,Quality Education,Children in the age group of 6-13 who are out of school (%),2019,2019,Higher value means lower performance (-)
SDG 4,Quality Education,Average annual dropout rate at secondary level (class 9-10),2019,2019,Higher value means lower performance (-)
SDG 4,Quality Education,"Percentage of students in grade III, V, VIII and  X  achieving  at  least  a  minimum  proficiency  level  in terms of nationally defined learning outcomes to be attained by pupils at the end of each of above grades",2019,2019,Higher value means higher performance (+)
SDG 4,Quality Education,Gross Enrolment Ratio (GER) in higher education (18-23 years),2019,2019,Higher value means higher performance (+)
SDG 4,Quality Education,Gender Parity Index (GPI) for higher education (18-23 years),2019,2019,Higher value means higher performance (+)
SDG 4,Quality Education,Disabled children (5-19 Years) attending educational institution,2019,2019,Higher value means higher performance (+)
SDG 4,Quality Education,"Proportion of trained teacher, by education level (elementary, secondary)",2019,2019,Higher value means higher performance (+)
SDG 4,Quality Education,Percentage of schools with Pupil Teacher ratio less than/equal to 30,2019,2019,Higher value means higher performance (+)
SDG 5,Gender Equality,Sex ratio at birth,2019,2019,Higher value means higher performance (+)
SDG 5,Gender Equality,Ratio of female to male average wage/salary earnings received among regular wage/salaried employees,2019,2019,Higher value means higher performance (+)
SDG 5,Gender Equality,"Rate of crimes against women per 1,00,000 female population",2019,2019,Higher value means lower performance (-)
SDG 5,Gender Equality,Percentage of ever married women aged 18-49 years who have ever experienced spousal violence (physical/sexual),2019,2019,Higher value means lower performance (-)
SDG 5,Gender Equality,Proportion of sexual crime against girl children to total crime against children during the calendar year,2019,2019,Higher value means lower performance (-)
SDG 5,Gender Equality,Percentage of seats won by women in the general elections to state legislative assembly,2019,2019,Higher value means higher performance (+)
SDG 5,Gender Equality,Female labour force participation rate (LFPR),2019,2019,Higher value means higher performance (+)
SDG 5,Gender Equality,Operational land holding gender wise (percentage of female operated operational holdings),2019,2019,Higher value means higher performance (+)
SDG 6,Clean Water and Sanitation,Percentage of rural population having improved source of drinking water,2019,2019,Higher value means higher performance (+)
SDG 6,Clean Water and Sanitation,Percentage of rural households with individual household toilets,2019,2019,Higher value means higher performance (+)
SDG 6,Clean Water and Sanitation,Percentage of urban households with individual household toilets,2019,2019,Higher value means higher performance (+)
SDG 6,Clean Water and Sanitation,Percentage of districts verified to be ODF (SBM(G)),2019,2019,Higher value means higher performance (+)
SDG 6,Clean Water and Sanitation,Percentage of schools with functional girls' toilet,2019,2019,Higher value means higher performance (+)
SDG 6,Clean Water and Sanitation,Percentage of industries (17 category of highly polluting industries/ grossly polluting/ red category of industries complying with waste water treatment as per CPCB norms.,2019,2019,Higher value means higher performance (+)
SDG 6,Clean Water and Sanitation,Percentage of blocks/mandals/talukas over-exploited,2019,2019,Higher value means lower performance (-)
SDG 7,Affordable and Clean Energy,Percentage of households electrified,2019,2019,Higher value means higher performance (+)
SDG 7,Affordable and Clean Energy,Percentage of households using clean cooking fuel (LPG),2019,2019,Higher value means higher performance (+)
SDG 8,Decent Work and Economic Growth,Annual growth rate of Net Domestic Product (NDP) per capita,2019,2019,Higher value means higher performance (+)
SDG 8,Decent Work and Economic Growth,Ease of doing business score (EODB),2019,2019,Higher value means higher performance (+)
SDG 8,Decent Work and Economic Growth,Unemployment rate (%) (15-59 years),2019,2019,Higher value means lower performance (-)
SDG 8,Decent Work and Economic Growth,Labour Force Participation Rate (LFPR) (%) (15-59 years),2019,2019,Higher value means higher performance (+)
SDG 8,Decent Work and Economic Growth,"Number of functioning branches of commercial banks per 1,00,000 population",2019,2019,Higher value means higher performance (+)
SDG 8,Decent Work and Economic Growth,Percentage of households with a bank account,2019,2019,Higher value means higher performance (+)
SDG 8,Decent Work and Economic Growth,Proportion of women account holders under PMJDY,2019,2019,Higher value means higher performance (+)
SDG 9,"Industry, Innovation and Infrastructure",Percentage of targeted habitations connected by all-weather roads under Pradhan Mantri Gram Sadak Yojana (PMGSY),2019,2019,Higher value means higher performance (+)
SDG 9,"Industry, Innovation and Infrastructure",Manufacturing employment as a percentage of total employment,2019,2019,Higher value means higher performance (+)
SDG 9,"Industry, Innovation and Infrastructure",Number of mobile connections per 100 persons in rural and urban area (Mobile Tele density),2019,2019,Higher value means higher performance (+)
SDG 9,"Industry, Innovation and Infrastructure",Number of Internet subscribers per 100 population,2019,2019,Higher value means higher performance (+)
SDG 10,Reduced Inequalities,Growth rates of household expenditure  per capita among the bottom 40 per cent of the population in rural India,2019,2019,Higher value means higher performance (+)
SDG 10,Reduced Inequalities,Growth rates of household expenditure  per capita among the bottom 40 per cent of the population in urban India,2019,2019,Higher value means higher performance (+)
SDG 10,Reduced Inequalities,Gini Coefficient of Household Expenditure in Rural India,2019,2019,Higher value means lower performance (-)
SDG 10,Reduced Inequalities,Gini Coefficient of Household Expenditure in Urban India,2019,2019,Higher value means lower performance (-)
SDG 10,Reduced Inequalities,Percentage of seats held by women in Panchayat Raj Institutions (PRIs),2019,2019,Higher value means higher performance (+)
SDG 10,Reduced Inequalities,Proportion of SC/ST persons in state legislative assemblies,2019,2019,Higher value means higher performance (+)
SDG 10,Reduced Inequalities,Ratio of transgender  to male Labour Force Participation Rate (LFPR),2019,2019,Higher value means higher performance (+)
SDG 10,Reduced Inequalities,Scheduled Caste Sub Plan fund utilised (%),2019,2019,Higher value means higher performance (+)
SDG 10,Reduced Inequalities,Tribal Sub Plan fund utilised (%),2019,2019,Higher value means higher performance (+)
SDG 11,Sustainable Cities and Communities,Houses completed under PMAY as a percentage of net demand assessment for houses,2019,2019,Higher value means higher performance (+)
SDG 11,Sustainable Cities and Communities,Percentage of urban households living in slums,2019,2019,Higher value means lower performance (-)
SDG 11,Sustainable Cities and Communities,Percentage of wards with 100% door to door waste collection (SBM(U)),2019,2019,Higher value means higher performance (+)
SDG 11,Sustainable Cities and Communities,Percentage of waste processed,2019,2019,Higher value means higher performance (+)
SDG 11,Sustainable Cities and Communities,Installed sewage treatment capacity as a percentage of sewage generated in urban areas,2019,2019,Higher value means higher performance (+)
SDG 12,Responsible Consumption and Production,Percentage ground water withdrawal against availability,2019,2019,Higher value means lower performance (-)
SDG 12,Responsible Consumption and Production,"Percentage use of nitrogenous fertilizer out of total N,P,K, (Nitrogen, Phosphorous, Potassium)",2019,2019,Higher value means lower performance (-)
SDG 12,Responsible Consumption and Production,Per capita hazard waste generated,2019,2019,Higher value means lower performance (-)
SDG 12,Responsible Consumption and Production,Quantity of hazardous waste recycled/utilized to total hazardous waste generated (%),2019,2019,Higher value means higher performance (+)
SDG 12,Responsible Consumption and Production,Municipal Solid Waste (MSW) treated against MSW generated,2019,2019,Higher value means higher performance (+)
SDG 12,Responsible Consumption and Production,"Installed Capacity of Grid Interactive Bio Power per 100,000 population",2019,2019,Higher value means higher performance (+)
SDG 12,Responsible Consumption and Production,Percentage of wards with 100% source segregation,2019,2019,Higher value means higher performance (+)
SDG 13,Climate Action,Number of human lives lost per 1 crore population due to extreme weather events,2019,2019,Higher value means lower performance (-)
SDG 13,Climate Action,Renewable share of installed generating capacity,2019,2019,Higher value means higher performance (+)
SDG 13,Climate Action,"CO2 saved from LED bulbs per 1,000 population (Tonnes)",2019,2019,Higher value means higher performance (+)
SDG 13,Climate Action,Installed capacity of solar power as proportion of installed grid interactive renewable power,2019,2019,Higher value means higher performance (+)
SDG 14,Life Below Water,Percentage increase in use of nitrogen fertilizers in the coastal states,2019,2019,
SDG 14,Life Below Water,Coastal Water Quality Index,2019,2019,
SDG 14,Life Below Water,Percentage increase in area under mangroves,2019,2019,
SDG 14,Life Below Water,Average marine acidity (pH) measured at representative sampling stations in the shore zone*,2019,2019,
SDG 14,Life Below Water,Percentage of available potential area developed under aquaculture,2019,2019,
SDG 15,Life on Land,Forest cover as a percentage of total geographical area,2019,2019,Higher value means higher performance (+)
SDG 15,Life on Land,Tree cover as a percentage of total geographical area,2019,2019,Higher value means higher performance (+)
SDG 15,Life on Land,Combined 15.1+15.2,2019,2019,Higher value means higher performance (+)
SDG 15,Life on Land,Decadal change in extent of water bodies within forests from 2005 to 2015 (%),2019,2019,Higher value means higher performance (+)
SDG 15,Life on Land,Percentage increase in area of desertification,2019,2019,Higher value means lower performance (-)
SDG 15,Life on Land,Number of wildlife crime cases detected and reported anually,2019,2019,Higher value means lower performance (-)
SDG 16,"Peace, Justice and Strong Institutions",Murders per 1 lakh population,2019,2019,Higher value means lower performance (-)
SDG 16,"Peace, Justice and Strong Institutions","Proportion of population subjected to physical, psychological or sexual violence in the previous 12 months",2019,2019,Higher value means lower performance (-)
SDG 16,"Peace, Justice and Strong Institutions",Cognizable crimes against children per 1 lakh population,2019,2019,Higher value means lower performance (-)
SDG 16,"Peace, Justice and Strong Institutions","Number of victims of human trafficking per 100,000 population, by sex, age and form of exploitation",2019,2019,Higher value means lower performance (-)
SDG 16,"Peace, Justice and Strong Institutions",Estimated number of courts per 10 Lakh persons,2019,2019,Higher value means higher performance (+)
SDG 16,"Peace, Justice and Strong Institutions","Cases Reported under Prevention of Corruption Act & Related Sections of IPC per 100,000 population",2019,2019,Higher value means lower performance (-)
SDG 16,"Peace, Justice and Strong Institutions",Percentage of births registered,2019,2019,Higher value means higher performance (+)
SDG 16,"Peace, Justice and Strong Institutions",Percentage of population covered under Aadhaar,2019,2019,Higher value means higher performance (+)
SDG 1,No Poverty,Population living below National Poverty line (%),2020-21,2021,Higher value means lower performance (-)
SDG 1,No Poverty,Head count ratio as per the Multidimensional Poverty Index (%),2020-21,2021,Higher value means lower performance (-)
SDG 1,No Poverty,Percentage of households with any usual member covered by a health scheme or health insurance,2020-21,2021,Higher value means higher performance (+)
SDG 1,No Poverty,Persons offered employment as a percentage of persons who demanded employment under Mahatma Gandhi National Rural Employment Guarantee Act (MGNREGA),2020-21,2021,Higher value means higher performance (+)
SDG 1,No Poverty,Percentage of the population (out of total eligible population) receiving social protection benefits under Pradhan Mantri Matru Vandana Yojana (PMMVY),2020-21,2021,Higher value means higher performance (+)
SDG 1,No Poverty,Percentage of households living in katcha houses,2020-21,2021,Higher value means lower performance (-)
SDG 2,Zero Hunger,"Percentage of beneficiaries covered under National Food Security Act (NFSA), 2013",2020-21,2021,Higher value means higher performance (+)
SDG 2,Zero Hunger,Percentage of children under five years who are underweight,2020-21,2021,Higher value means lower performance (-)
SDG 2,Zero Hunger,Percentage of children under five years who are stunted,2020-21,2021,Higher value means lower performance (-)
SDG 2,Zero Hunger,Percentage of pregnant women aged 15-49 years who are anaemic,2020-21,2021,Higher value means lower performance (-)
SDG 2,Zero Hunger,Percentage of adolescents aged 10-19 years who are anaemic,2020-21,2021,Higher value means lower performance (-)
SDG 2,Zero Hunger,Rice and Wheat produced per unit area (three-year average) (Kg/Ha),2020-21,2021,Higher value means higher performance (+)
SDG 2,Zero Hunger,Gross Value Added (constant prices) in agriculture per worker (in Lakhs/worker),2020-21,2021,Higher value means higher performance (+)
SDG 3,Good Health and Well-being,"Maternal Mortality Ratio (per 1,00,000 live births)",2020-21,2021,Higher value means lower performance (-)
SDG 3,Good Health and Well-being,"Under 5 mortality rate (per 1,000 live births)",2020-21,2021,Higher value means lower performance (-)
SDG 3,Good Health and Well-being,Percentage of children in the age group 9-11 months fully immunized,2020-21,2021,Higher value means higher performance (+)
SDG 3,Good Health and Well-being,"Total case notification rate of Tuberculosis per 1,00,000 population",2020-21,2021,Higher value means higher performance (+)
SDG 3,Good Health and Well-being,"HIV incidence per 1,000 uninfected population",2020-21,2021,Higher value means lower performance (-)
SDG 3,Good Health and Well-being,"Suicide rate (per 1,00,000 population)",2020-21,2021,Higher value means lower performance (-)
SDG 3,Good Health and Well-being,"Death rate due to road traffic accidents (per 1,00,000 population)",2020-21,2021,Higher value means lower performance (-)
SDG 3,Good Health and Well-being,Percentage of institutional deliveries out of the total deliveries reported,2020-21,2021,Higher value means higher performance (+)
SDG 3,Good Health and Well-being,Monthly per capita out-of-pocket expenditure on health as a share of Monthly Per capita Consumption Expenditure (MPCE),2020-21,2021,Higher value means lower performance (-)
SDG 3,Good Health and Well-being,"Health worker density per 10,000 population",2020-21,2021,Higher value means higher performance (+)
SDG 4,Quality Education,Adjusted Net Enrolment Rate (ANER) in elementary education (class 1-8) (%),2020-21,2021,Higher value means higher performance (+)
SDG 4,Quality Education,Average annual dropout rate at secondary level (class 9-10),2020-21,2021,Higher value means lower performance (-)
SDG 4,Quality Education,Gross Enrolment Ratio (GER) in higher education (18-23 years),2020-21,2021,Higher value means higher performance (+)
SDG 4,Quality Education,Percentage of students in grade VIII achieving atleast a minimum proficiency level in terms of nationally defined learning outcomes to be attained by the pupils at the end of the grade,2020-21,2021,Higher value means higher performance (+)
SDG 4,Quality Education,Gross Enrolment Ratio (GER) in higher education (18-23 years).1,2020-21,2021,Higher value means higher performance (+)
SDG 4,Quality Education,Percentage of persons with disability (15 years and above) who have completed at least secondary education,2020-21,2021,Higher value means higher performance (+)
SDG 4,Quality Education,Gender Parity Index (GPI) for higher education (18-23 years),2020-21,2021,Higher value means higher performance (+)
SDG 4,Quality Education,Percentage of persons 15 years and above who are literate,2020-21,2021,Higher value means higher performance (+)
SDG 4,Quality Education,"Percentage of schools with access to basic infrastructure (electricity, and drinking water-both)",2020-21,2021,Higher value means higher performance (+)
SDG 4,Quality Education,Percentage of trained teachers at secondary level (class 9-10),2020-21,2021,Higher value means higher performance (+)
SDG 4,Quality Education,Pupil Teacher Ratio (PTR) at secondary level (class 9-10),2020-21,2021,Higher value means lower performance (-)
SDG 5,Gender Equality,"Rate of crimes against women per 1,00,000 female population",2020-21,2021,Higher value means lower performance (-)
SDG 5,Gender Equality,Sex ratio at birth,2020-21,2021,Higher value means higher performance (+)
SDG 5,Gender Equality,Ratio of female to male average wage/salary earnings received among regular wage/salaried employees,2020-21,2021,Higher value means higher performance (+)
SDG 5,Gender Equality,Per lakh women who have experienced cruelty/physical violence by husband or his relatives during the year,2020-21,2021,Higher value means lower performance (-)
SDG 5,Gender Equality,Percentage of seats won by women in the general elections to state legislative assembly,2020-21,2021,Higher value means higher performance (+)
SDG 5,Gender Equality,Ratio of female to male Labour Force Participation Rate (LFPR) (15-59 years),2020-21,2021,Higher value means higher performance (+)
SDG 5,Gender Equality,"Proportion of women in managerial positions including women in board of directors, in listed companies (per 1,000 persons)",2020-21,2021,Higher value means higher performance (+)
SDG 5,Gender Equality,Percentage of currently married women aged 15-49 years who have their demand for  family planning satisfied by any modern method,2020-21,2021,Higher value means higher performance (+)
SDG 5,Gender Equality,Operational land holding gender wise (percentage of female operated operational holdings),2020-21,2021,Higher value means higher performance (+)
SDG 6,Clean Water and Sanitation,Percentage of rural households getting safe and adequate drinking water within premises through Piped Water Supply (PWS),2020-21,2021,Higher value means higher performance (+)
SDG 6,Clean Water and Sanitation,Percentage of rural population having improved source of drinking water,2020-21,2021,Higher value means higher performance (+)
SDG 6,Clean Water and Sanitation,Percentage of individual household toilets constructed against target (SBM(G)),2020-21,2021,Higher value means higher performance (+)
SDG 6,Clean Water and Sanitation,Percentage of districts verified to be ODF (SBM(G)),2020-21,2021,Higher value means higher performance (+)
SDG 6,Clean Water and Sanitation,Percentage of schools with functional girls' toilet,2020-21,2021,Higher value means higher performance (+)
SDG 6,Clean Water and Sanitation,Percentage of industries (17 category of highly polluting industries/ grossly polluting/ red category of industries complying with waste water treatment as per CPCB norms.,2020-21,2021,Higher value means higher performance (+)
SDG 6,Clean Water and Sanitation,Percentage of ground water withdrawal against availability,2020-21,2021,Higher value means lower performance (-)
SDG 6,Clean Water and Sanitation,Percentage of blocks/mandals/talukas over-exploited,2020-21,2021,Higher value means lower performance (-)
SDG 7,Affordable and Clean Energy,Percentage of households electrified,2020-21,2021,Higher value means higher performance (+)
SDG 7,Affordable and Clean Energy,Percentage of LPG+PNG connections against number of households,2020-21,2021,Higher value means higher performance (+)
SDG 8,Decent Work and Economic Growth,Annual growth rate of GDP (constant prices) per capita (%),2020-21,2021,Higher value means higher performance (+)
SDG 8,Decent Work and Economic Growth,Ease of doing business score (EODB),2020-21,2021,Higher value means higher performance (+)
SDG 8,Decent Work and Economic Growth,Unemployment rate (%) (15-59 years),2020-21,2021,Higher value means lower performance (-)
SDG 8,Decent Work and Economic Growth,Labour Force Participation Rate (LFPR) (%) (15-59 years),2020-21,2021,Higher value means higher performance (+)
SDG 8,Decent Work and Economic Growth,Percentage of regular wage/ salaried employees in non-agriculture sector without any social security benefit,2020-21,2021,Higher value means lower performance (-)
SDG 8,Decent Work and Economic Growth,Percentage of households covered with a bank account under PMJDY against target,2020-21,2021,Higher value means higher performance (+)
SDG 8,Decent Work and Economic Growth,"Number of functioning branches of commercial banks per 1,00,000 population",2020-21,2021,Higher value means higher performance (+)
SDG 8,Decent Work and Economic Growth,"Automated Teller Machines (ATMs) per 1,00,000 population",2020-21,2021,Higher value means higher performance (+)
SDG 8,Decent Work and Economic Growth,Percentage of women account holders in PMJDY,2020-21,2021,Higher value means higher performance (+)
SDG 9,"Industry, Innovation and Infrastructure",Percentage of targeted habitations connected by all-weather roads under Pradhan Mantri Gram Sadak Yojana (PMGSY),2020-21,2021,Higher value means higher performance (+)
SDG 9,"Industry, Innovation and Infrastructure",Percentage Share of GVA in Manufacturing to total GVA (current prices),2020-21,2021,Higher value means higher performance (+)
SDG 9,"Industry, Innovation and Infrastructure",Manufacturing employment as a percentage of total employment,2020-21,2021,Higher value means higher performance (+)
SDG 9,"Industry, Innovation and Infrastructure",Innovation score as per the India Innovation Index,2020-21,2021,Higher value means higher performance (+)
SDG 9,"Industry, Innovation and Infrastructure",Score as per Logistics Ease Across Different States (LEADS) report,2020-21,2021,Higher value means higher performance (+)
SDG 9,"Industry, Innovation and Infrastructure",Number of mobile connections per 100 persons in rural and urban area (Mobile Tele density),2020-21,2021,Higher value means higher performance (+)
SDG 9,"Industry, Innovation and Infrastructure",Number of Internet subscribers per 100 population,2020-21,2021,Higher value means higher performance (+)
SDG 10,Reduced Inequalities,Percentage of population in the lowest two wealth quintiles *,2020-21,2021,Higher value means lower performance (-)
SDG 10,Reduced Inequalities,Percentage of elected women over total seats in the State/UT (Lok Sabha elections),2020-21,2021,Higher value means higher performance (+)
SDG 10,Reduced Inequalities,Percentage of seats held by women in Panchayat Raj Institutions (PRIs),2020-21,2021,Higher value means higher performance (+)
SDG 10,Reduced Inequalities,Percentage of SC/ST seats in State Legislative Assemblies*,2020-21,2021,Higher value means higher performance (+)
SDG 10,Reduced Inequalities,Ratio of transgender  to male Labour Force Participation Rate (LFPR),2020-21,2021,Higher value means higher performance (+)
SDG 10,Reduced Inequalities,"Rate of total crimes against SCs (per 1,00,000 SC population)",2020-21,2021,Higher value means lower performance (-)
SDG 10,Reduced Inequalities,"Rate of total crime against STs (per 1,00,000 ST population)",2020-21,2021,Higher value means lower performance (-)
SDG 11,Sustainable Cities and Communities,Percentage of urban households living in kachha houses,2020-21,2021,Higher value means lower performance (-)
SDG 11,Sustainable Cities and Communities,"Deaths due to road accidents in urban areas (per 1,00,000 population)",2020-21,2021,Higher value means lower performance (-)
SDG 11,Sustainable Cities and Communities,Percentage of wards with 100% door to door waste collection (SBM(U)),2020-21,2021,Higher value means higher performance (+)
SDG 11,Sustainable Cities and Communities,Percentage of individual household toilets constructed against target SBM (U),2020-21,2021,Higher value means higher performance (+)
SDG 11,Sustainable Cities and Communities,Percentage of Municipal Solid Waste (MSW) processed to the total MSW generated (SBM(U)),2020-21,2021,Higher value means higher performance (+)
SDG 11,Sustainable Cities and Communities,Percentage of wards with 100% source segregation (SBM(U)),2020-21,2021,Higher value means higher performance (+)
SDG 11,Sustainable Cities and Communities,Installed sewage treatment capacity as a percentage of sewage generated in urban areas,2020-21,2021,Higher value means higher performance (+)
SDG 11,Sustainable Cities and Communities,Percentage of urban households with drainage facility,2020-21,2021,Higher value means higher performance (+)
SDG 12,Responsible Consumption and Production,Per capita fossil fuel consumption (in kg.),2020-21,2021,Higher value means lower performance (-)
SDG 12,Responsible Consumption and Production,"Percentage use of nitrogenous fertilizer out of total N,P,K, (Nitrogen, Phosphorous, Potassium)",2020-21,2021,Higher value means lower performance (-)
SDG 12,Responsible Consumption and Production,"Hazardous waste generated per 1,000 population (Metric tonnes/Annum)",2020-21,2021,Higher value means lower performance (-)
SDG 12,Responsible Consumption and Production,Quantity of hazardous waste recycled/utilized to total hazardous waste generated (%),2020-21,2021,Higher value means higher performance (+)
SDG 12,Responsible Consumption and Production,"Plastic waste generated per 1,000 population (Tonnes/Annum)",2020-21,2021,Higher value means lower performance (-)
SDG 12,Responsible Consumption and Production,Percentage of Bio Medical Waste (BMW) treated to total quantity of BMW generated,2020-21,2021,Higher value means higher performance (+)
SDG 12,Responsible Consumption and Production,"Installed Capacity of Grid Interactive Bio Power per 10,00,000 population",2020-21,2021,Higher value means higher performance (+)
SDG 13,Climate Action,Number of human lives lost per 1 crore population due to extreme weather events,2020-21,2021,Higher value means lower performance (-)
SDG 13,Climate Action,Disaster preparedness score as per Disaster Resilience Index,2020-21,2021,Higher value means higher performance (+)
SDG 13,Climate Action,Percentage of renewable energy out of total installed generating capacity (Including allocated shares),2020-21,2021,Higher value means higher performance (+)
SDG 13,Climate Action,"CO2 saved from LED bulbs per 1,000 population (Tonnes)",2020-21,2021,Higher value means higher performance (+)
SDG 13,Climate Action,"Disability Adjusted Life Years (DALY) rate attributable to air pollution (per 1,00,000 population)",2020-21,2021,Higher value means lower performance (-)
SDG 14,Life Below Water,Mean shore zone coastal water quality- Biochemical Oxygen Demand (BOD) (mg/l)*,2020-21,2021,
SDG 14,Life Below Water,Mean shore zone coastal water quality-Total Nitrogen (TN) (Âµmol/l)*,2020-21,2021,
SDG 14,Life Below Water,Percentage increase in area under mangroves,2020-21,2021,
SDG 14,Life Below Water,Average marine acidity (pH) measured at representative sampling stations in the shore zone*,2020-21,2021,
SDG 14,Life Below Water,Percentage of available potential area developed under aquaculture,2020-21,2021,
SDG 15,Life on Land,Forest cover as a percentage of total geographical area,2020-21,2021,Higher value means higher performance (+)
SDG 15,Life on Land,Tree cover as a percentage of total geographical area,2020-21,2021,Higher value means higher performance (+)
SDG 15,Life on Land,Combined 15.1+15.2,2020-21,2021,Higher value means higher performance (+)
SDG 15,Life on Land,Percentage of area covered under  afforestation schemes to the total  geographical area,2020-21,2021,Higher value means higher performance (+)
SDG 15,Life on Land,Percentage of degraded land over total land area,2020-21,2021,Higher value means lower performance (-)
SDG 15,Life on Land,Percentage increase in area of desertification,2020-21,2021,Higher value means lower performance (-)
SDG 15,Life on Land,Number of cases under Wildlife Protection Act (1972) per million hectares of protected area,2020-21,2021,Higher value means lower performance (-)
SDG 16,"Peace, Justice and Strong Institutions",Murders per 1 lakh population,2020-21,2021,Higher value means lower performance (-)
SDG 16,"Peace, Justice and Strong Institutions",Cognizable crimes against children per 1 lakh population,2020-21,2021,Higher value means lower performance (-)
SDG 16,"Peace, Justice and Strong Institutions",Number of victims of human trafficking per 10 lakh population,2020-21,2021,Higher value means lower performance (-)
SDG 16,"Peace, Justice and Strong Institutions","Number of missing children per 1,00,000 child population",2020-21,2021,Higher value means lower performance (-)
SDG 16,"Peace, Justice and Strong Institutions","No. of courts per 1,00,000 population",2020-21,2021,Higher value means higher performance (+)
SDG 16,"Peace, Justice and Strong Institutions",Cases  under Prevention of Corruption Act and related sections of IPC per 10 lakh population,2020-21,2021,Higher value means lower performance (-)
SDG 16,"Peace, Justice and Strong Institutions",Percentage of births registered,2020-21,2021,Higher value means higher performance (+)
SDG 16,"Peace, Justice and Strong Institutions",Percentage of population covered under Aadhaar,2020-21,2021,Higher value means higher performance (+)
SDG 1,No Poverty,Head count ratio as per the Multidimensional Poverty Index (%),2023-24,2024,Higher value means lower performance (-)
SDG 1,No Poverty,Percentage of households with any usual member covered by a health scheme or health insurance,2023-24,2024,Higher value means higher performance (+)
SDG 1,No Poverty,Persons offered employment as a percentage of persons who demanded employment under Mahatma Gandhi National Rural Employment Guarantee Act (MGNREGA),2023-24,2024,Higher value means higher performance (+)
SDG 1,No Poverty,Percentage of the population (out of total eligible population) receiving social protection benefits under Pradhan Mantri Matru Vandana Yojana (PMMVY),2023-24,2024,Higher value means higher performance (+)
SDG 1,No Poverty,Percentage of households living in Kachha houses,2023-24,2024,Higher value means lower performance (-)
SDG 2,Zero Hunger,"Percentage of beneficiaries covered under National Food Security Act (NFSA), 2013",2023-24,2024,Higher value means higher performance (+)
SDG 2,Zero Hunger,Percentage of children under five years who are underweight,2023-24,2024,Higher value means lower performance (-)
SDG 2,Zero Hunger,Percentage of children under five years who are stunted,2023-24,2024,Higher value means lower performance (-)
SDG 2,Zero Hunger,Percentage of pregnant women aged 15-49 years who are anaemic,2023-24,2024,Higher value means lower performance (-)
SDG 2,Zero Hunger,Percentage of women (aged 15-49 years) whose Body Mass Index is below 18.5,2023-24,2024,Higher value means lower performance (-)
SDG 2,Zero Hunger,Rice and Wheat produced per unit area (three-year average) (Kg/Ha),2023-24,2024,Higher value means higher performance (+)
SDG 2,Zero Hunger,Gross Value Added (constant prices) in agriculture per worker (in Lakhs/worker),2023-24,2024,Higher value means higher performance (+)
SDG 3,Good Health and Well-being,"Maternal Mortality Ratio (per 1,00,000 live births)",2023-24,2024,Higher value means lower performance (-)
SDG 3,Good Health and Well-being,"Under-five Mortality Rate (per 1,000 live births)",2023-24,2024,Higher value means lower performance (-)
SDG 3,Good Health and Well-being,Percentage of children in the age group 9-11 months fully immunized,2023-24,2024,Higher value means higher performance (+)
SDG 3,Good Health and Well-being,Tuberculosis case notification against target in percentage,2023-24,2024,Higher value means higher performance (+)
SDG 3,Good Health and Well-being,"HIV incidence per 1,000 uninfected population",2023-24,2024,Higher value means lower performance (-)
SDG 3,Good Health and Well-being,Life expectancy,2023-24,2024,Higher value means higher performance (+)
SDG 3,Good Health and Well-being,"Suicide rate (per 1,00,000 population)",2023-24,2024,Higher value means lower performance (-)
SDG 3,Good Health and Well-being,"Death rate due to road traffic accidents (per 1,00,000 population)",2023-24,2024,Higher value means lower performance (-)
SDG 3,Good Health and Well-being,Percentage of institutional deliveries out of the total deliveries reported,2023-24,2024,Higher value means higher performance (+)
SDG 3,Good Health and Well-being,Monthly per capita out-of-pocket expenditure on health as a share of Monthly Per capita Consumption Expenditure (MPCE),2023-24,2024,Higher value means lower performance (-)
SDG 3,Good Health and Well-being,"Health worker density per 10,000 population",2023-24,2024,Higher value means higher performance (+)
SDG 4,Quality Education,Adjusted Net Enrolment Rate (ANER) in elementary education (class 1-8) (%),2023-24,2024,Higher value means higher performance (+)
SDG 4,Quality Education,Average annual dropout rate at secondary level (class 9-10),2023-24,2024,Higher value means lower performance (-)
SDG 4,Quality Education,Gross Enrolment Ratio (GER) in higher secondary (class 11-12) (%),2023-24,2024,Higher value means higher performance (+)
SDG 4,Quality Education,Percentage of students in grade VIII achieving at least a minimum proficiency level in terms of nationally defined learning outcomes to be attained by the pupils at the end of the grade,2023-24,2024,Higher value means higher performance (+)
SDG 4,Quality Education,Gross Enrolment Ratio (GER) in higher education (18-23 years),2023-24,2024,Higher value means higher performance (+)
SDG 4,Quality Education,Percentage of persons with disability (15 years and above) who have completed at least secondary education,2023-24,2024,Higher value means higher performance (+)
SDG 4,Quality Education,Gender Parity Index (GPI) for higher education (18-23 years),2023-24,2024,Higher value means higher performance (+)
SDG 4,Quality Education,Percentage of persons 15 years and above who are literate,2023-24,2024,Higher value means higher performance (+)
SDG 4,Quality Education,"Percentage of schools with access to basic infrastructure (electricity, and drinking water-both)",2023-24,2024,Higher value means higher performance (+)
SDG 4,Quality Education,Percentage of Schools with computers,2023-24,2024,Higher value means higher performance (+)
SDG 4,Quality Education,Percentage of trained teachers at secondary level (class 9-10),2023-24,2024,Higher value means higher performance (+)
SDG 4,Quality Education,Pupil Teacher Ratio (PTR) at secondary level (class 9-10),2023-24,2024,Higher value means lower performance (-)
SDG 5,Gender Equality,Sex ratio at birth,2023-24,2024,Higher value means higher performance (+)
SDG 5,Gender Equality,Ratio of female to male average wage/salary earnings received among regular wage/salaried employees,2023-24,2024,Higher value means higher performance (+)
SDG 5,Gender Equality,Percentage of ever married women aged 18-49 years who have ever experienced spousal violence (physical/sexual),2023-24,2024,Higher value means lower performance (-)
SDG 5,Gender Equality,Ratio of female to male Labour Force Participation Rate (LFPR) (15-59 years),2023-24,2024,Higher value means higher performance (+)
SDG 5,Gender Equality,"Proportion of women in managerial positions including women in board of directors, in listed companies (per 1,000 persons)",2023-24,2024,Higher value means higher performance (+)
SDG 5,Gender Equality,Percentage of currently married women aged 15-49 years who have their demand for family planning satisfied by any modern method,2023-24,2024,Higher value means higher performance (+)
SDG 5,Gender Equality,Percentage of female operated operational land holdings,2023-24,2024,Higher value means higher performance (+)
SDG 5,Gender Equality,Percentage of women (aged 15-49 years) who own a mobile phone that they themselves use,2023-24,2024,Higher value means higher performance (+)
SDG 5,Gender Equality,Percentage of currently married women (aged 15-49 years) who usually participate in three household decisions,2023-24,2024,Higher value means higher performance (+)
SDG 6,Clean Water and Sanitation,Percentage of rural households getting safe and adequate drinking water within premises through Piped Water Supply (PWS),2023-24,2024,Higher value means higher performance (+)
SDG 6,Clean Water and Sanitation,Percentage of rural population having improved source of drinking water,2023-24,2024,Higher value means higher performance (+)
SDG 6,Clean Water and Sanitation,Percentage of individual household toilets constructed against target (SBM(G)),2023-24,2024,Higher value means higher performance (+)
SDG 6,Clean Water and Sanitation,Percentage of districts verified to be ODF (SBM(G)),2023-24,2024,Higher value means higher performance (+)
SDG 6,Clean Water and Sanitation,Percentage of schools with functional girls' toilet,2023-24,2024,Higher value means higher performance (+)
SDG 6,Clean Water and Sanitation,Stage of ground water extraction (%),2023-24,2024,Higher value means lower performance (-)
SDG 6,Clean Water and Sanitation,Percentage of blocks/mandals/talukas over-exploited,2023-24,2024,Higher value means lower performance (-)
SDG 7,Affordable and Clean Energy,Percentage of households electrified,2023-24,2024,Higher value means higher performance (+)
SDG 7,Affordable and Clean Energy,Percentage of LPG+PNG connections against number of households,2023-24,2024,Higher value means higher performance (+)
SDG 8,Decent Work and Economic Growth,Annual growth rate of GDP (constant prices) per capita (%),2023-24,2024,Higher value means higher performance (+)
SDG 8,Decent Work and Economic Growth,Unemployment rate (%) (15-59 years),2023-24,2024,Higher value means lower performance (-)
SDG 8,Decent Work and Economic Growth,Labour Force Participation Rate (LFPR) (%) (15-59 years),2023-24,2024,Higher value means higher performance (+)
SDG 8,Decent Work and Economic Growth,Percentage of regular wage/ salaried employees in non-agriculture sector without any social security benefit,2023-24,2024,Higher value means lower performance (-)
SDG 8,Decent Work and Economic Growth,Percentage of households with any usual member with a bank or post office account,2023-24,2024,Higher value means higher performance (+)
SDG 8,Decent Work and Economic Growth,"Number of functioning branches of commercial banks per 1,00,000 population",2023-24,2024,Higher value means higher performance (+)
SDG 8,Decent Work and Economic Growth,"Automated Teller Machines (ATMs) per 1,00,000 population",2023-24,2024,Higher value means higher performance (+)
SDG 8,Decent Work and Economic Growth,Percentage of women account holders in Pradhan Mantri Jan Dhan Yojana (PMJDY),2023-24,2024,Higher value means higher performance (+)
SDG 9,"Industry, Innovation and Infrastructure",Percentage of targeted habitations connected by all-weather roads under Pradhan Mantri Gram Sadak Yojana (PMGSY),2023-24,2024,Higher value means higher performance (+)
SDG 9,"Industry, Innovation and Infrastructure",Percentage Share of GVA in Manufacturing to total GVA (current prices),2023-24,2024,Higher value means higher performance (+)
SDG 9,"Industry, Innovation and Infrastructure",Manufacturing employment as a percentage of total employment,2023-24,2024,Higher value means higher performance (+)
SDG 9,"Industry, Innovation and Infrastructure",Percentage Share of GVA in Services to total GVA (current prices),2023-24,2024,Higher value means higher performance (+)
SDG 9,"Industry, Innovation and Infrastructure",Services employment as a percentage of total employment,2023-24,2024,Higher value means higher performance (+)
SDG 9,"Industry, Innovation and Infrastructure",Innovation score as per the India Innovation Index,2023-24,2024,Higher value means higher performance (+)
SDG 9,"Industry, Innovation and Infrastructure",Percentage of households that own at least one mobile phone,2023-24,2024,Higher value means higher performance (+)
SDG 9,"Industry, Innovation and Infrastructure",Percentage of inhabited villages with 3G/4G mobile internet coverage,2023-24,2024,Higher value means higher performance (+)
SDG 10,Reduced Inequalities,Gini coefficient,2023-24,2024,Higher value means lower performance (-)
SDG 10,Reduced Inequalities,Percentage of seats held by women in Panchayat Raj Institutions (PRIs),2023-24,2024,Higher value means higher performance (+)
SDG 10,Reduced Inequalities,Percentage of SC/ST seats in State Legislative Assemblies*,2023-24,2024,Higher value means higher performance (+)
SDG 10,Reduced Inequalities,Ratio (in percent) of female workers to male workers working as Professionals and Technical Workers,2023-24,2024,Higher value means higher performance (+)
SDG 10,Reduced Inequalities,"Rate of total crimes against SCs (per 1,00,000 SC population)",2023-24,2024,Higher value means lower performance (-)
SDG 10,Reduced Inequalities,"Rate of total crime against STs (per 1,00,000 ST population)",2023-24,2024,Higher value means lower performance (-)
SDG 11,Sustainable Cities and Communities,Percentage of urban households living in kachha houses,2023-24,2024,Higher value means lower performance (-)
SDG 11,Sustainable Cities and Communities,Percentage of individual household toilets constructed against target SBM (U),2023-24,2024,Higher value means higher performance (+)
SDG 11,Sustainable Cities and Communities,"Deaths due to road accidents in urban areas (per 1,00,000 population)",2023-24,2024,Higher value means lower performance (-)
SDG 11,Sustainable Cities and Communities,Percentage of wards with 100% door to door waste collection (SBM(U)),2023-24,2024,Higher value means higher performance (+)
SDG 11,Sustainable Cities and Communities,Percentage of Municipal Solid Waste (MSW) processed to the total MSW generated (SBM(U)),2023-24,2024,Higher value means higher performance (+)
SDG 11,Sustainable Cities and Communities,Percentage of wards with 100% source segregation (SBM(U)),2023-24,2024,Higher value means higher performance (+)
SDG 11,Sustainable Cities and Communities,Installed sewage treatment capacity as a percentage of sewage generated in urban areas,2023-24,2024,Higher value means higher performance (+)
SDG 12,Responsible Consumption and Production,Per capita fossil fuel consumption (in kg.),2023-24,2024,Higher value means lower performance (-)
SDG 12,Responsible Consumption and Production,"Percentage use of nitrogenous fertilizer out of total N,P,K, (Nitrogen, Phosphorous, Potassium)",2023-24,2024,Higher value means lower performance (-)
SDG 12,Responsible Consumption and Production,Quantity of hazardous waste recycled/utilized to total hazardous waste generated (%),2023-24,2024,Higher value means higher performance (+)
SDG 12,Responsible Consumption and Production,"Plastic waste generated per 1,000 population (Tonnes/Annum)",2023-24,2024,Higher value means lower performance (-)
SDG 12,Responsible Consumption and Production,Percentage of Bio Medical Waste (BMW) treated to total quantity of BMW generated,2023-24,2024,Higher value means higher performance (+)
SDG 13,Climate Action,Number of human lives lost per 1 crore population due to extreme weather events,2023-24,2024,Higher value means lower performance (-)
SDG 13,Climate Action,Disaster preparedness score as per Disaster Resilience Index,2023-24,2024,Higher value means higher performance (+)
SDG 13,Climate Action,Percentage of renewable energy out of total installed generating capacity (Including allocated shares),2023-24,2024,Higher value means higher performance (+)
SDG 13,Climate Action,"Disability Adjusted Life Years (DALY) rate attributable to air pollution (per 1,00,000 population)",2023-24,2024,Higher value means lower performance (-)
SDG 13,Climate Action,Percentage of industries complying with environmental standards,2023-24,2024,Higher value means higher performance (+)
SDG 14,Life Below Water,Mean shore zone coastal water quality (DO) - Biochemical Oxygen Demand (BOD) (mg/l)*,2023-24,2024,
SDG 14,Life Below Water,Mean shore zone coastal water quality - Total Nitrogen (TN) (Âµmol/l)*,2023-24,2024,
SDG 14,Life Below Water,Percentage increase in area under mangroves,2023-24,2024,
SDG 14,Life Below Water,Average marine acidity (pH) measured at representative sampling stations in the shore zone*,2023-24,2024,
SDG 14,Life Below Water,Percentage of available potential area developed under aquaculture,2023-24,2024,
SDG 15,Life on Land,Forest cover as a percentage of total geographical area,2023-24,2024,Higher value means higher performance (+)
SDG 15,Life on Land,Tree cover as a percentage of total geographical area,2023-24,2024,Higher value means higher performance (+)
SDG 15,Life on Land,Combined 15.1+15.2,2023-24,2024,Higher value means higher performance (+)
SDG 15,Life on Land,Percentage of area covered under afforestation schemes to the total geographical area,2023-24,2024,Higher value means higher performance (+)
SDG 15,Life on Land,Percentage change in carbon stock in forest cover,2023-24,2024,Higher value means higher performance (+)
SDG 15,Life on Land,Percentage of degraded land over total land area,2023-24,2024,Higher value means lower performance (-)
SDG 15,Life on Land,Percentage increase in area of desertification,2023-24,2024,Higher value means lower performance (-)
SDG 15,Life on Land,Number of cases under Wildlife Protection Act (1972) per million hectares of protected area,2023-24,2024,Higher value means lower performance (-)
SDG 16,"Peace, Justice and Strong Institutions",Murders per 1 lakh population,2023-24,2024,Higher value means lower performance (-)
SDG 16,"Peace, Justice and Strong Institutions",Cognizable crimes against children per 1 lakh population,2023-24,2024,Higher value means lower performance (-)
SDG 16,"Peace, Justice and Strong Institutions",Number of victims of human trafficking per 10 lakh population,2023-24,2024,Higher value means lower performance (-)
SDG 16,"Peace, Justice and Strong Institutions","Number of missing children per 1,00,000 child population",2023-24,2024,Higher value means lower performance (-)
SDG 16,"Peace, Justice and Strong Institutions","No. of courts per 1,00,000 population",2023-24,2024,Higher value means higher performance (+)
SDG 16,"Peace, Justice and Strong Institutions",Cases under Prevention of Corruption Act and related sections of IPC per 10 lakh population,2023-24,2024,Higher value means lower performance (-)
SDG 16,"Peace, Justice and Strong Institutions",Charge sheeting rate of IPC crime,2023-24,2024,Higher value means higher performance (+)
SDG 16,"Peace, Justice and Strong Institutions",Percentage of children under 5 years whose birth was registered,2023-24,2024,Higher value means higher performance (+)
SDG 16,"Peace, Justice and Strong Institutions",Percentage of population covered under Aadhaar,2023-24,2024,Higher value means higher performance (+)