area,year,yearFormatted,SDG 1,SDG 2,SDG 3,SDG 4,SDG 5,SDG 6,SDG 7,SDG 8,SDG 9,SDG 10,SDG 11,SDG 12,SDG 13,SDG 14,SDG 15,SDG 16,Comp. Score,"Percentage of beneficiaries covered under National Food Security Act (NFSA), 2013",Percentage of children under five years who are underweight,Percentage of children under five years who are stunted,Percentage of pregnant women aged 15-49 years who are anaemic,Percentage of women (aged 15-49 years) whose Body Mass Index is below 18.5,Rice and Wheat produced per unit area (three-year average) (Kg/Ha),Gross Value Added (constant prices) in agriculture per worker (in Lakhs/worker),Head count ratio as per the Multidimensional Poverty Index (%),Percentage of households with any usual member covered by a health scheme or health insurance,Persons offered employment as a percentage of persons who demanded employment under Mahatma Gandhi National Rural Employment Guarantee Act (MGNREGA),Percentage of the population (out of total eligible population) receiving social protection benefits under Pradhan Mantri Matru Vandana Yojana (PMMVY),Percentage of households living in Kachha houses,"Maternal Mortality Ratio (per 1,00,000 live births)","Under-five Mortality Rate (per 1,000 live births)",Percentage of children in the age group 9-11 months fully immunized,Tuberculosis case notification against target in percentage,"HIV incidence per 1,000 uninfected population",Life expectancy,"Suicide rate (per 1,00,000 population)","Death rate due to road traffic accidents (per 1,00,000 population)",Percentage of institutional deliveries out of the total deliveries reported,Monthly per capita out-of-pocket expenditure on health as a share of Monthly Per capita Consumption Expenditure (MPCE),"Health worker density per 10,000 population",Adjusted Net Enrolment Rate (ANER) in elementary education (class 1-8) (%),Average annual dropout rate at secondary level (class 9-10),Gross Enrolment Ratio (GER) in higher secondary (class 11-12) (%),Percentage of students in grade VIII achieving at least a minimum proficiency level in terms of nationally defined learning outcomes to be attained by the pupils at the end of the grade,Gross Enrolment Ratio (GER) in higher education (18-23 years),Percentage of persons with disability (15 years and above) who have completed at least secondary education,Gender Parity Index (GPI) for higher education (18-23 years),Percentage of persons 15 years and above who are literate,"Percentage of schools with access to basic infrastructure (electricity, and drinking water-both)",Percentage of Schools with computers,Percentage of trained teachers at secondary level (class 9-10),Pupil Teacher Ratio (PTR) at secondary level (class 9-10),Sex ratio at birth,Ratio of female to male average wage/salary earnings received among regular wage/salaried employees,Percentage of ever married women aged 18-49 years who have ever experienced spousal violence (physical/sexual),Ratio of female to male Labour Force Participation Rate (LFPR) (15-59 years),"Proportion of women in managerial positions including women in board of directors, in listed companies (per 1,000 persons)",Percentage of currently married women aged 15-49 years who have their demand for family planning satisfied by any modern method,Percentage of female operated operational land holdings,Percentage of women (aged 15-49 years) who own a mobile phone that they themselves use,Percentage of currently married women (aged 15-49 years) who usually participate in three household decisions,Percentage of rural households getting safe and adequate drinking water within premises through Piped Water Supply (PWS),Percentage of rural population having improved source of drinking water,Percentage of individual household toilets constructed against target (SBM(G)),Percentage of districts verified to be ODF (SBM(G)),Percentage of schools with functional girls' toilet,Stage of ground water extraction (%),Percentage of blocks/mandals/talukas over-exploited,Percentage of households electrified,Percentage of LPG+PNG connections against number of households,Gini coefficient,Percentage of seats held by women in Panchayat Raj Institutions (PRIs),Percentage of SC/ST seats in State Legislative Assemblies*,Ratio (in percent) of female workers to male workers working as Professionals and Technical Workers,"Rate of total crimes against SCs (per 1,00,000 SC population)","Rate of total crime against STs (per 1,00,000 ST population)",Mean shore zone coastal water quality (DO) - Biochemical Oxygen Demand (BOD) (mg/l)*,Mean shore zone coastal water quality – Total Nitrogen (TN) (µmol/l)*,Percentage increase in area under mangroves,Average marine acidity (pH) measured at representative sampling stations in the shore zone*,Percentage of available potential area developed under aquaculture,Forest cover as a percentage of total geographical area,Tree cover as a percentage of total geographical area,Combined 15.1+15.2,Percentage of area covered under afforestation schemes to the total geographical area,Percentage change in carbon stock in forest cover,Percentage of degraded land over total land area,Percentage increase in area of desertification,Number of cases under Wildlife Protection Act (1972) per million hectares of protected area,Murders per 1 lakh population,Cognizable crimes against children per 1 lakh population,Number of victims of human trafficking per 10 lakh population,"Number of missing children per 1,00,000 child population ","No. of courts per 1,00,000 population",Cases under Prevention of Corruption Act and related sections of IPC per 10 lakh population,Charge sheeting rate of IPC crime,Percentage of children under 5 years whose birth was registered,Percentage of population covered under Aadhaar,Annual growth rate of GDP (constant prices) per capita (%),Unemployment rate (%) (15-59 years),Labour Force Participation Rate (LFPR) (%) (15-59 years),Percentage of regular wage/ salaried employees in non-agriculture sector without any social security benefit,Percentage of households with any usual member with a bank or post office account,"Number of functioning branches of commercial banks per 1,00,000 population","Automated Teller Machines (ATMs) per 1,00,000 population",Percentage of women account holders in Pradhan Mantri Jan Dhan Yojana (PMJDY),Percentage of targeted habitations connected by all-weather roads under Pradhan Mantri Gram Sadak Yojana (PMGSY),Percentage Share of GVA in Manufacturing to total GVA (current prices),Manufacturing employment as a percentage of total employment,Percentage Share of GVA in Services to total GVA (current prices),Services employment as a percentage of total employment,Innovation score as per the India Innovation Index,Percentage of households that own at least one mobile phone,Percentage of inhabited villages with 3G/4G mobile internet coverage,Percentage of urban households living in kachha houses,Percentage of individual household toilets constructed against target SBM (U),"Deaths due to road accidents in urban areas (per 1,00,000 population) ",Percentage of wards with 100% door to door waste collection (SBM(U)),Percentage of Municipal Solid Waste (MSW) processed to the total MSW generated (SBM(U)),Percentage of wards with 100% source segregation (SBM(U)),Installed sewage treatment capacity as a percentage of sewage generated in urban areas,Per capita fossil fuel consumption (in kg.),"Percentage use of nitrogenous fertilizer out of total N,P,K, (Nitrogen, Phosphorous, Potassium)",Quantity of hazardous waste recycled/utilized to total hazardous waste generated (%),"Plastic waste generated per 1,000 population (Tonnes/Annum)",Percentage of Bio Medical Waste (BMW) treated to total quantity of BMW generated,Number of human lives lost per 1 crore population due to extreme weather events,Disaster preparedness score as per Disaster Resilience Index,Percentage of renewable energy out of total installed generating capacity (Including allocated shares),"Disability Adjusted Life Years (DALY) rate attributable to air pollution (per 1,00,000 population)",Percentage of industries complying with environmental standards
Target,2023–24,2024,100,100,100,100,100,100,100,100,100,100,100,100,100,,100,100,100,100,13.3,23.7,25.2,7.76,5322.08,1.22,12.425,100,100,100,0,70,25,100,100,0,73.63,3.5,5.81,100,7.83,44.5,100,7.67,100,100,50,100,1,100,100,100,100,30,950,1,0,1,245,100,50,80.63,100,100,100,100,100,100,70,0,100,100,0,33,,100,0,0,,,,,,,,33,1.38,0,5.456456903,0,0,1.44,0,0,0,4.25,0.3,100,100,100,7,2.9,66.9,0,100,21.27,28.9,50,100,25,19.66,63.26,52.98,100,100,100,0,100,7.05,100,100,100,100,55.6,57,100,0.62,100,0,50,50,1442,100
India,2023–24,2024,72,52,77,61,49,89,96,68,61,65,83,78,67,,75,74,66,99.01,32.1,35.5,52.2,18.7,3052.25,0.86,14.96,41,99.74,46.29,4.6,97,32,93.23,87.13,0.05,70,12.4,12.4,97.18,13,49.45,96.5,12.6,57.6,77.23,28.4,19.3,1.01,76.7,88.65,47.5,92.2,18,929,0.76,29.2,0.48,210.24,74.1,13.96,53.9,88.7,75.75,99.29,100,100,94.7,59.26,11.23,100,96.35,0.2,45.60980451,28.57142857,50.4,28.6,9.6,,,,,,21.71,2.912514156,24.62251416,0.403642742,1.111208425,27.77,1.504071584,16,2.1,36.6,4.374705563,18.7661826,1.908521668,2.999818808,71.3,89.1,95.47,5.88,3.4,61.6,53.9,95.7,11.75,18.39,55.63,99.69518791,14.34143858,11.42,54.18218823,27.75,36.4,93.3,95.07941708,0.9,95.29355789,12.68362169,97,78.4571683,90,50.66880389,166.4275848,65.23747116,54.98795391,3.041310115,91.52057581,15.43851808,19.2,43.28257052,3469,94.85711434
India,2020–21,2021,60,47,74,57,48,83,92,61,55,67,79,74,54,,66,74,66,,,,,,,,,,,,,,,,,,,,,,,,,,,,,,,,,,,,,,,,,,,,,,,,,,,,,,,,,,,,,,,,,,,,,,,,,,,,,,,,,,,,,,,,,,,,,,,,,,,,,,,,,,,,,,,,,,
India,2019,2019,50,35,61,58,42,88,70,64,65,64,53,55,60,,66,72,60,,,,,,,,,,,,,,,,,,,,,,,,,,,,,,,,,,,,,,,,,,,,,,,,,,,,,,,,,,,,,,,,,13.15,9.912339852,23.06233985,,-2.750809061,4.921105866,1.86384475,4128,,,,,,,,,,,,,,,,,,,,,,,,,,,,,,,,,,,,,,,,,,
India,2018,2018,54,48,52,58,36,63,51,65,44,71,39,,,,90,71,57,,,,,,,,,,,,,,,,,,,,,,,,,,,,,,,,,,,,,,,,,,,,,,,,,,,,,,,,,,,,,,,,,,,,,,,,,,,,,,,,,,,,,,,,,,,,,,,,,,,,,,,,,,,,,,,,,,
Andaman and Nicobar Islands,2023–24,2024,60,69,69,63,60,100,100,72,50,79,81,64,26,,94,65,67,96.21,23.6,22.5,53.7,9.4,2451.15,,2.3,1.8,98.99,41.15,,,,79.79,100.75,0.04,,42.8,4.73,99.34,7,0,68.7,5,65.8,76.5,22.6,28.5,1.3,91.9,92.79,66.8,92.5,7,914,0.59,17.2,0.6,,72.8,29.8,80.8,94.5,100,100,100,100,99.5,1.37,0,100,136.84,0.13,35.66433566,,96.5,,10.5,,,,,,81.75,0.278821675,82.02882168,,-2.511849183,6.416292884,,32,1.7,130,0,33.63636364,0,12.43781095,83.9,97.4,96.5,,10.3,71.2,39.2,,18.11,31.93,49.26,100,,10.03,,49.5,17.29,,37.3881932,,100,2.840909091,100,88.70967742,100,0,549.7577338,42.02898551,0,1.23085,100,,20.5,27.49603122,,37.93103448
Andaman and Nicobar Islands,2020–21,2021,71,45,68,57,68,87,100,59,23,67,85,73,77,,72,46,67,,,,,,,,,,,,,,,,,,,,,,,,,,,,,,,,,,,,,,,,,,,,,,,,,,,,,,,,,,,,,,,,,,,,,,,,,,,,,,,,,,,,,,,,,,,,,,,,,,,,,,,,,,,,,,,,,,
Andaman and Nicobar Islands,2019,2019,48,38,65,61,48,85,73,55,13,94,47,69,72,,85,65,61,,,,,,,,,,,,,,,,,,,,,,,,,,,,,,,,,,,,,,,,,,,,,,,,,,,,,,,,,,,,,,,,,13.15,9.912339852,23.06233985,,-2.750809061,4.921105866,1.86384475,4128,,,,,,,,,,,,,,,,,,,,,,,,,,,,,,,,,,,,,,,,,,
Andaman and Nicobar Islands,2018,2018,57,38,60,69,58,71,56,60,0,69,64,,,,84,72,58,,,,,,,,,,,,,,,,,,,,,,,,,,,,,,,,,,,,,,,,,,,,,,,,,,,,,,,,,,,,,,,,,,,,,,,,,,,,,,,,,,,,,,,,,,,,,,,,,,,,,,,,,,,,,,,,,,
Andhra Pradesh,2023–24,2024,86,67,78,52,51,91,100,69,49,67,85,93,70,,77,79,72,100,29.6,31.2,53.7,14.8,3516.1,1.5,6.06,80.2,99.94,54.04,1.6,45,27,101.26,80.16,0.1,70.6,16.8,15.64,99.98,13.5,107.96,96.9,16.3,56.7,73.5,36.5,15.4,0.93,68,98.8,51.6,82.5,11,934,0.72,29.9,0.62,182.36,93.5,30.09,48.9,84,73.38,100,100,100,96.6,28.3,1.5,100,103.56,0.13,50,20.57142857,52.7,27.4,15.1,1.016415889,23.97085714,0.247524752,7.972929316,58.4,18.28,2.871115802,21.1511158,0.912166806,4.871360373,33.81495754,3.448992891,8,1.7,21.9,5.524861878,26.77696889,1.229746728,1.508494711,86.5,92.2,99,4.05,4.4,67.3,57.3,95.8,14.98,22.58,57.35,99.18962723,12.79351435,10.51,39.29700408,32.44,13.32,91.2,87.10757156,0.2,126.0244228,10.93627477,98.68454991,83.94569869,96.02785659,29.59750173,152.860773,59.36113628,86.51233777,0.752367617,100,15.56734317,19.5,40.6089581,3007,97.77985511
Andhra Pradesh,2020–21,2021,81,52,77,50,58,92,100,67,52,74,78,84,63,,69,77,72,,,,,,,,,,,,,,,,,,,,,,,,,,,,,,,,,,,,,,,,,,,,,,,,,,,,,,,,,,,,,,,,,,,,,,,,,,,,,,,,,,,,,,,,,,,,,,,,,,,,,,,,,,,,,,,,,,
Andhra Pradesh,2019,2019,69,35,76,52,37,96,86,78,66,68,36,57,70,,86,86,67,,,,,,,,,,,,,,,,,,,,,,,,,,,,,,,,,,,,,,,,,,,,,,,,,,,,,,,,,,,,,,,,,,,,,,,,,,,,,,,,,,,6.7,65.6,22.8,,30.56,55.3,54,,,,,,,,,,,,,,,,,,,,,,,,,
Andhra Pradesh,2018,2018,67,50,68,77,44,59,76,81,31,75,26,,,,87,90,64,,,,,,,,,,,,,,,,,,,,,,,,,,,,,,,,,,,,,,,,,,,,,,,,,,,,,,,,,,,,,,,,,,,,,,,,,,,,,,,,,,,,,,,,,,,,,,,,,,,,,,,,,,,,,,,,,,
Arunachal Pradesh,2023–24,2024,49,81,70,52,54,85,74,75,28,67,46,90,61,,80,63,60,96.53,15.4,28,27.9,5.7,1846.7,1.97,13.76,29.3,99.87,23.51,28.6,,,79.41,81.8,0.11,,9.6,9.8,93.9,17,70.52,100,11.7,53.7,74.5,36.5,10.3,0.9,80.6,61.67,34,91.2,11,979,0.65,24.9,0.76,,65.9,12.07,76.4,87,100,98.37,100,100,68.8,0.42,0,100,78.82,0.21,38.98539913,98.33333333,61.7,,0,,,,,,79.33,1.195323788,80.52532379,,-2.613849407,11.7366347,30.37035593,3,3.6,24.3,2.578981302,2.372881356,2.804333971,7.736943907,47.2,87.7,79.71,5.24,5.1,70,15.5,91.6,12.4,19.86,54.5,95.00780031,1.246799501,2.18,40.21166492,28.53,15.46,90.3,47.90589021,10.4,94.69474372,20.75949367,97.40518962,7.432432432,73.45309381,0,237.1395285,0,,2.461271298,100,221.0314802,11.5,89.15448427,1436,64.22466422
Arunachal Pradesh,2020–21,2021,54,66,64,41,37,67,85,50,31,69,39,77,58,,93,64,60,,,,,,,,,,,,,,,,,,,,,,,,,,,,,,,,,,,,,,,,,,,,,,,,,,,,,,,,,,,,,,,,,,,,,,,,,,,,,,,,,,,,,,,,,,,,,,,,,,,,,,,,,,,,,,,,,,
Arunachal Pradesh,2019,2019,34,66,50,58,33,88,74,52,31,38,43,67,31,,71,62,53,,,,,,,,,,,,,,,,,,,,,,,,,,,,,,,,,,,,,,,,,,,,,,,,,,,,,,,,,,,,,,,,,,,,,,,,,,,,,,,,,,,,,,,,,,98.46153846,,1.86,,34.34,5.91,,81.89300412,,,,,,,,,,,,,,,,,
Arunachal Pradesh,2018,2018,52,58,38,44,32,64,44,72,16,47,44,,,,73,77,51,,,,,,,,,,,,,,,,,,,,,,,,,,,,,,,,,,,,,,,,,,,,,,,,,,,,,,,,,,,,,,,,,,,,,,,,,,,,,,,,,,,,,,,,,,,,,,,,,,,,,,,,,,,,,,,,,,
Assam,2023–24,2024,75,47,60,41,42,85,100,63,44,68,59,75,59,,91,67,57,99.71,32.8,35.3,54.2,17.7,2078.49,0.76,19.35,66.7,99.92,53.43,2.9,195,40,85.4,78.4,0.08,67.9,9.4,8.62,95.91,12.9,27.55,100,20.3,40.1,72,16.9,16.8,1.09,69.3,75.46,18.9,63.5,11,964,0.64,32.2,0.22,215.05,63.2,1.67,57.2,92.1,76.87,93.17,100,100,82.6,12.54,0,100,108.17,0.25,54.60491889,19.04761905,53.3,0.6,0.2,,,,,,36.09,2.078074403,38.1680744,,0.452713132,9.452268033,16.45752977,76,3,33.8,6.452521837,9.917218543,1.434220786,1.606086221,32.6,96.3,89.92,6.26,1.7,56.8,47.4,95.7,8.85,13.84,58.29,99.97084761,11.63653481,4.69,45.24856749,18.19,11.29,91.9,96.08384729,0.8,104.0240359,27.72115035,96.60377358,46.7110741,52.16981132,0,88.41763536,68.21604679,83.48453413,1.684438329,63.29721046,15.56854566,23,35.05993065,3464,76.47385984
Assam,2020–21,2021,51,41,59,43,25,64,98,50,39,65,55,66,53,,78,62,57,,,,,,,,,,,,,,,,,,,,,,,,,,,,,,,,,,,,,,,,,,,,,,,,,,,,,,,,,,,,,,,,,,,,,,,,,,,,,,,,,,,,,,,,,,,,,,,,,,,,,,,,,,,,,,,,,,
Assam,2019,2019,48,39,44,44,33,78,70,62,46,67,40,68,47,,90,52,55,,,,,,,,,,,,,,,,,,,,,,,,,,,,,,,,,,,,,,,,,,,,,,,,,,,,,,,,,,,,,,,,,,,,,,,,,,,,,,,,,,,,,,,,,,,,,,,,,,,108.5,47.25274725,,0,,,,,,,,,,,,
Assam,2018,2018,53,53,30,54,36,42,18,61,35,75,32,,,,100,53,49,,,,,,,,,,,,,,,,,,,,,,,,,,,,,,,,,,,,,,,,,,,,,,,,,,,,,,,,,,,,,,,,,,,,,,,,,,,,,,,,,,,,,,,,,,,,,,,,,,,,,,,,,,,,,,,,,,
Bihar,2023–24,2024,39,24,67,32,44,98,81,54,53,56,57,74,34,,73,68,52,100,41,42.9,63.1,25.6,2480.14,0.34,33.76,17.4,99.9,20.9,11.3,118,30,83.54,80.58,0.07,69.5,0.6,7.09,89.73,14.5,14.47,97,20.5,35.9,71.5,17.1,18.5,0.92,67.3,88.64,18.9,89.4,55,908,0.85,40.1,0.31,266.67,64,14,51.4,86.5,96.42,99.96,100,100,97.6,44.76,1.5,100,84.32,0.22,52.02053114,16.46090535,31.5,39.3,10.9,,,,,,7.84,2.486114504,10.3261145,0.635568111,2.972537519,12.65548039,7.451976011,37,2.3,17.1,5.982538317,12.63157895,1.618593881,0.8603384,75.4,75.6,88.26,9.07,4.3,50.9,47.4,95.5,6.28,7.15,56,99.59291268,8.67025444,5.71,59.98064415,25.45,11.58,93.4,99.42969168,4.3,105.5719577,20.36095908,80.07716591,25.24936728,71.08032269,27.72407733,44.67854716,71.85055719,248.2065074,0.607021358,49.38452116,,19.5,7.283254428,4308,99.41236069
Bihar,2020–21,2021,32,31,66,29,48,91,78,50,24,48,67,59,16,,62,73,52,,,,,,,,,,,,,,,,,,,,,,,,,,,,,,,,,,,,,,,,,,,,,,,,,,,,,,,,,,,,,,,,,,,,,,,,,,,,,,,,,,,,,,,,,,,,,,,,,,,,,,,,,,,,,,,,,,
Bihar,2019,2019,33,26,44,19,40,81,62,64,47,74,50,47,43,,54,64,50,,,,,,,,,,,,,,,,,,,,,,,,,,,,,,,,,,,,,,,,,,,,,,,,,,,,,,,,,,,,,,,,,,,,,,,,,,,,,,,,,,,,,,,,,,,,,,,,,,,,,,,,,,,,,,,,,,
Bihar,2018,2018,45,39,40,36,24,31,67,58,38,82,43,,,,56,60,48,,,,,,,,,,,,,,,,,,,,,,,,,,,,,,,,,,,,,,,,,,,,,,,,,,,,,,,,,,,,,,,,,,,,,,,,,,,,,,,,,,,,,,,,,,,,,,,,,,,,,,,,,,,,,,,,,,
Chandigarh,2023–24,2024,70,71,89,84,48,99,100,77,55,75,100,59,80,,80,75,79,60.29,20.6,25.3,,13,4961.69,3.66,3.52,32.2,,79.3,,,,96.97,84.25,0.06,,10.7,6.79,99.96,9.5,49.69,84.6,0,81.7,90.5,64.8,37.4,1.33,91.7,100,100,99.1,12,838,0.7,9.7,0.31,204.42,65.9,10.83,70,94.6,,,100,100,100,75.41,0,100,115.37,0.11,,,75.3,2,,,,,,,20.07,13.15789474,33.22789474,0.666666667,-3.174603175,0.5,,,1.5,69.1,0.817661488,52.5,2.423263328,1.635322976,54.4,97.6,95.44,10.02,4.1,54,38.7,,38.3,60.34,46.29,,2.12200107,10.33,90.09893108,75.88,27.88,,,,142.8538066,6.792144026,100,100,100,155.8510638,375.2433988,0,0,10.90432612,100,,24.5,71.13264583,,100
Chhattisgarh,2023–24,2024,70,40,56,63,51,93,87,67,39,72,79,95,47,,78,71,61,100,31.3,34.6,51.8,23.1,1933.78,0.49,16.37,71.4,99.98,37.6,11.7,137,41,96.54,70.04,0.05,65.1,28.2,19.67,99.52,6.6,26.03,90.7,9.7,68.1,69.5,19.6,17.2,1.23,74.8,95.77,89.4,89.5,15,960,0.64,20.1,0.74,182.93,81.1,13.79,40.7,92.7,77.94,100,100,100,97.9,47.17,0,100,89.21,0.2,54.78661309,43.33333333,67,9.9,6.6,,,,,,41.21,3.961033197,45.1710332,0.28899639,3.370536179,26.85035357,4.313496171,11,3.4,63.4,1.368902541,35.22051282,2.086899276,0.434042269,80.4,96.6,95.31,6.05,2.7,75.6,68.9,94.7,10.28,15.21,56.09,98.510682,16.88743368,7.58,34.8342181,17.88,10.97,85.7,92.36747708,3,108.8116667,16.66459859,100,99.95991984,100,6.068162926,139.8756476,59.98337753,125.0437969,1.617632019,100,2.458901222,14,12.70425718,3667,84.92791612
Chhattisgarh,2020–21,2021,49,37,60,55,64,89,78,64,36,72,78,64,38,,65,71,61,,,,,,,,,,,,,,,,,,,,,,,,,,,,,,,,,,,,,,,,,,,,,,,,,,,,,,,,,,,,,,,,,,,,,,,,,,,,,,,,,,,,,,,,,,,,,,,,,,,,,,,,,,,,,,,,,,
Chhattisgarh,2019,2019,49,27,52,52,43,92,56,67,38,60,49,58,29,,97,71,56,,,,,,,,,,,,,,,,,,,,,,,,,,,,,,,,,,,,,,,,,,,,,,,,,,,,,,,,,,,,,,,,,,,,,,,,,,,,,,,,,,,,,,,,,,,,,,,,,,,,,,,,,,,,,,,,,,
Chhattisgarh,2018,2018,50,46,42,53,49,98,36,56,30,73,54,,,,100,65,58,,,,,,,,,,,,,,,,,,,,,,,,,,,,,,,,,,,,,,,,,,,,,,,,,,,,,,,,,,,,,,,,,,,,,,,,,,,,,,,,,,,,,,,,,,,,,,,,,,,,,,,,,,,,,,,,,,
Dadra and Nagar Haveli,2019,2019,33,45,57,53,44,91,80,63,100,57,41,65,41,,100,80,63,,,,,,,,,,,,,,,,,,,,,,,,,,,,,,,,,,,,,,,,,,,,,,,,,,,,,,,,,,,,,,,,,,,,,,,,,,,,,,,,,,,,,,,,,,,,,,,,,,,,,,,,,,,,,,,,,,
Dadra and Nagar Haveli,2018,2018,21,40,32,77,41,100,73,84,0,100,6,,,,100,63,57,,,,,,,,,,,,,,,,,,,,,,,,,,,,,,,,,,,,,,,,,,,,,,,,,,,,,,,,,,,,,,,,,,,,,,,,,,,,,,,,,,,,,,,,,,,,,,,,,,,,,,,,,,,,,,,,,,
Dadra and Nagar Haveli and Daman and Diu,2023–24,2024,89,22,70,67,41,73,52,73,55,71,89,76,38,,99,80,66,75.6,38.7,39.4,60.7,25.1,2096.07,,9.21,56.6,99.74,101.1,,,,48.03,127.18,0.08,,17.1,6.66,99.97,5.62,4.79,87.3,9.5,54.9,79.75,11.2,24.8,1.93,85.6,100,89.1,96.4,20,817,0.59,16.8,0.43,190.72,74.8,19.9802381,60.5,91.9,100,100,100,100,99.6,151.12,100,100,59.98,0.22,41.00294985,,58.2,0,2.6,,,,,,37.83,5.48,43.31,,1.43442623,6.216592839,,,1.3,55.7,0,5.789473684,0.53151101,0,82.5,98.1,92.77,6.11,2.6,68.4,22.1,,8.12,22.12,48.24,,,52.42,,22.87,12.09,,100,,126.6240682,2.380952381,100,100,100,35.82089552,360.1517927,69.04761905,,4.488129155,100,,14.40755873,6.014955826,,98.63520045
Dadra and Nagar Haveli and Daman and Diu,2020–21,2021,65,27,80,56,53,95,71,57,47,66,89,62,18,,62,75,62,,,,,,,,,,,,,,,,,,,,,,,,,,,,,,,,,,,,,,,,,,,,,,,,,,,,,,,,,,,,,,,,,,,,,,,,,,,,,,,,,,,,,,,,,,,,,,,,,,,,,,,,,,,,,,,,,,
Daman and Diu,2019,2019,58,12,50,43,39,96,81,54,100,80,54,41,46,,89,76,61,,,,,,,,,,,,,,,,,,,,,,,,,,,,,,,,,,,,,,,,,,,,,,,,,,,,,,,,,,,,,,,,,,,,,,,,,,,,,,,,,,,,,,,,,,,,,,,,,,,,,,,,,,,,,,,,,,
Daman and Diu,2018,2018,58,42,47,46,38,99,84,91,0,100,49,,,,84,79,63,,,,,,,,,,,,,,,,,,,,,,,,,,,,,,,,,,,,,,,,,,,,,,,,,,,,,,,,,,,,,,,,,,,,,,,,,,,,,,,,,,,,,,,,,,,,,,,,,,,,,,,,,,,,,,,,,,
Delhi,2023–24,2024,67,80,93,85,60,86,100,58,75,56,75,43,49,,68,51,68,100,21.8,30.9,42.2,10,4067.96,1.95,3.43,25,,46.85,0.3,,14,105.03,106.73,0.14,75.8,16.2,6.93,98.11,9.2,79.04,100,4.8,94.9,80,49,41,1.03,86.2,100,100,97.7,28,923,1.01,22.5,0.21,221.07,69.9,13.65,73.8,92,,,100,100,100,99.13,38.24,100,147.05,0.08,,17.14285714,28.5,4.6,,,,,,,13.15,9.912339852,23.06233985,,-2.750809061,4.921105866,1.86384475,4128,2.4,134.9,32.56541524,111.0108303,4.386696313,0.521425863,30.2,94.4,107.61,,2,50.4,59.5,93.7,18.17,35.52,37.07,,4.943849606,23.52,85.19532521,59.52,27,97.7,100,0.3,15.5,6.726692392,100,82.99424184,73,86.96696697,206.3636115,87.20217835,0,16.90016655,100,,25,15.34485518,1890,
Delhi,2020–21,2021,81,63,90,75,33,61,100,65,66,72,65,50,55,,81,62,68,,,,,,,,,,,,,,,,,,,,,,,,,,,,,,,,,,,,,,,,,,,,,,,,,,,,,,,,,,,,,,,,,,,,,,,,,,,,,,,,,,,,,,,,,,,,,,,,,,,,,,,,,,,,,,,,,,
Delhi,2019,2019,54,56,54,64,27,61,96,60,100,69,63,39,30,,82,64,61,,,,,,,,,,,,,,,,,,,,,,,,,,,,,,,,,,,,,,,,,,,,,,,,,,,,,,,,,,,,,,,,,,,,,,,,,,,,,,,,,,,,,,,,,,,,,,,,,,,,,,,,,,,,,,,,,,
Delhi,2018,2018,30,72,47,58,37,62,51,86,100,80,39,,,,77,68,62,,,,,,,,,,,,,,,,,,,,,,,,,,,,,,,,,,,,,,,,,,,,,,,,,,,,,,,,,,,,,,,,,,,,,,,,,,,,,,,,,,,,,,,,,,,,,,,,,,,,,,,,,,,,,,,,,,
Goa,2023–24,2024,79,74,79,72,61,100,100,74,76,87,85,47,54,,79,83,72,100,24,25.8,41,13.8,2688.76,5,0.84,73.1,99.69,23.27,0.4,,,91.26,87.13,0.07,,19.2,17.46,99.96,9,71.57,86.9,9,73.7,78,35.8,32.4,0.99,94.4,100,55.3,98,9,838,0.9,8.3,0.42,185.19,78.7,25.69,91.2,93.1,100,100,100,100,100,21.37,0,100,141.92,0.11,36.72025723,2.5,90.5,31.4,0.7,0.294308943,28.461,3.846153846,7.992061154,3.5,60.62,6.591031875,67.21103188,0.036466775,-0.370984292,11.63722312,0.986666528,355,2.8,48.2,0.63734863,6.842105263,3.166561115,0,75.9,100,103.9,8.89,10,58.5,23.8,97.2,43.31,67.15,44.15,100,35.48862807,18.42,41.61821829,54.09,14.93,99,86.2244898,0.3,47.39401496,4.325699746,100,99.62178517,100,59.09090909,526.0707648,47.61904762,10.87290798,18.93305466,100.0018793,,13.5,7.313112764,1482,100
Goa,2020–21,2021,83,78,72,71,55,100,100,76,68,75,89,47,44,,59,63,72,,,,,,,,,,,,,,,,,,,,,,,,,,,,,,,,,,,,,,,,,,,,,,,,,,,,,,,,,,,,,,,,,,,,,,,,,,,,,,,,,,,,,,,,,,,,,,,,,,,,,,,,,,,,,,,,,,
Goa,2019,2019,53,76,60,71,46,77,95,71,45,19,79,63,41,,99,79,65,,,,,,,,,,,,,,,,,,,,,,,,,,,,,,,,,,,,,,,,,,,,,,,,,,,,,,,,,,,,,,,,,,,,,,,,,,,,,,,,,,,,,,,,,,,,,,,,,,,,,,,,,,,,,,,,,,
Goa,2018,2018,62,80,65,71,35,65,61,90,0,50,71,,,,100,87,64,,,,,,,,,,,,,,,,,,,,,,,,,,,,,,,,,,,,,,,,,,,,,,,,,,,,,,,,,,,,,,,,,,,,,,,,,,,,,,,,,,,,,,,,,,,,,,,,,,,,,,,,,,,,,,,,,,
Gujarat,2023–24,2024,75,41,90,58,52,98,98,76,61,69,94,67,74,,76,87,69,91.84,39.7,39,62.5,25.2,2794.96,1.33,11.66,44.4,99.74,39.22,1.7,57,24,95.95,101.27,0.03,70.5,12.7,10.76,99.94,9.5,55.56,89,17.9,48.2,81,24,22.8,0.9,82.8,99.93,98,97.1,29,955,0.62,13.9,0.53,209.55,70.9,16.49,48.8,92.2,100,100,100,100,98,51.68,9.13,100,98.29,0.19,49.96390894,21.97802198,50.7,31.4,3.7,0.262872629,26.239,-0.169923534,7.99135633,10.2,7.61,2.797028189,10.40702819,1.141813253,0.48392962,30.51761073,-0.132376488,3,1.4,23.7,0.169171342,8.87667304,2.460803511,2.481179688,89.8,97.5,92.6,7.29,1.8,67,61.5,94.6,12.84,20.23,51.12,100,35.3375569,23.77,35.27842244,25.08,12.41,92.4,96.49932157,0.2,137.8106637,6.786473655,99.92795389,94.97459584,96.39769452,67.38479952,339.2316015,71.49437594,37.93744639,4.865766981,100,10.69534604,27,50.3566036,3102,86.24798423
Gujarat,2020–21,2021,66,46,86,52,49,93,94,64,72,64,87,50,67,,61,82,69,,,,,,,,,,,,,,,,,,,,,,,,,,,,,,,,,,,,,,,,,,,,,,,,,,,,,,,,,,,,,,,,,,,,,,,,,,,,,,,,,,,,,,,,,,,,,,,,,,,,,,,,,,,,,,,,,,
Gujarat,2019,2019,47,39,67,47,36,92,75,75,88,59,77,33,63,,77,86,64,,,,,,,,,,,,,,,,,,,,,,,,,,,,,,,,,,,,,,,,,,,,,,,,,,,,,,,,,,,,,,,,,,,,,,,,,,,,,,,,,,,,,,,,,,,,,,,,,,,,,,,,,,,,,,,,,,
Gujarat,2018,2018,48,49,52,67,31,100,67,80,65,79,52,,,,71,73,64,,,,,,,,,,,,,,,,,,,,,,,,,,,,,,,,,,,,,,,,,,,,,,,,,,,,,,,,,,,,,,,,,,,,,,,,,,,,,,,,,,,,,,,,,,,,,,,,,,,,,,,,,,,,,,,,,,
Haryana,2023–24,2024,67,75,73,77,46,80,100,69,72,73,86,71,60,,65,67,67,100,21.5,27.5,56.4,15.1,4240.36,2.17,7.07,25.7,99.81,13.47,0.9,110,33,91.71,80.68,0.07,69.9,12.6,17.45,97.87,10.4,46.8,97.7,5.9,75.5,87,33.3,25.1,1.22,80.6,99.04,93.2,95.7,12,893,0.81,17.9,0.3,205.69,75,14.76,50.4,87.5,100,100,100,100,97.6,135.74,61.54,100,132.36,0.12,42.12036839,18.88888889,61.1,31.9,,,,,,,3.63,3.223106849,6.853106849,0.26881842,-2.235811198,8.803514883,7.431467648,30,3.4,67.3,0.667400808,28.94736842,2.817132902,8.209029933,43.3,95.1,101.56,6.55,6.4,52.8,53.4,96.1,17.98,24.06,49.86,100,19.94170971,16.09,51.08812577,39.03,16.35,97.2,99.95481928,0.2,93.85633803,17.50680109,99.82003599,69.98898678,77.26454709,103.5242291,341.9488032,76.58296943,78.32289122,6.316705329,100,1.056300834,19.5,30.99182402,3928,98.49860649
Haryana,2020–21,2021,69,58,72,64,43,80,100,59,66,68,81,77,51,,48,71,67,,,,,,,,,,,,,,,,,,,,,,,,,,,,,,,,,,,,,,,,,,,,,,,,,,,,,,,,,,,,,,,,,,,,,,,,,,,,,,,,,,,,,,,,,,,,,,,,,,,,,,,,,,,,,,,,,,
Haryana,2019,2019,47,43,65,68,36,81,77,71,73,54,49,39,34,,40,76,57,,,,,,,,,,,,,,,,,,,,,,,,,,,,,,,,,,,,,,,,,,,,,,,,,,,,,,,,,,,,,,,,,,,,,,,,,,,,,,,,,,,,,,,,,,,,,,,,,,,,,,,,,,,,,,,,,,
Haryana,2018,2018,50,53,57,65,31,80,50,72,50,55,30,,,,43,78,55,,,,,,,,,,,,,,,,,,,,,,,,,,,,,,,,,,,,,,,,,,,,,,,,,,,,,,,,,,,,,,,,,,,,,,,,,,,,,,,,,,,,,,,,,,,,,,,,,,,,,,,,,,,,,,,,,,
Himachal Pradesh,2023–24,2024,71,51,83,77,62,99,100,88,59,80,77,78,62,,78,85,74,77.8,25.5,30.8,42.2,13.9,1861.49,0.76,4.93,38.9,99.96,21.81,1.6,,24,84.87,97.51,0.02,73.5,8.7,13.15,95.45,14.4,84.73,100,1.5,94.1,79.5,43.1,25.6,1.33,86.5,98.64,40.5,97.1,6,875,0.71,8.6,0.89,193.68,77.3,7.43,79.5,93.9,100,100,100,100,98.6,34.95,0,100,114.17,0.14,50.12707586,29.41176471,70.5,12.1,1,,,,,,27.73,1.212436908,28.94243691,0.305444291,2.263036931,22.98854023,0.253107458,8,1.1,34.4,1.746607551,17.25581395,2.61682243,8.195620046,82.9,97.9,104.98,6.22,5,81.3,32.8,97.4,23.89,30.93,52.24,98.59539602,28.91698899,6.93,44.08428807,24.26,14.62,97.9,92.9167466,1.2,59.852654,44.12532637,98.48739496,99.20318725,96.47058824,133.6206897,271.7878304,68.35149134,50.40940401,0.841711418,100,471.9317556,23,96.14030708,2318,99.78230754
Himachal Pradesh,2020–21,2021,80,52,78,74,62,85,100,78,61,78,79,77,62,,68,73,74,,,,,,,,,,,,,,,,,,,,,,,,,,,,,,,,,,,,,,,,,,,,,,,,,,,,,,,,,,,,,,,,,,,,,,,,,,,,,,,,,,,,,,,,,,,,,,,,,,,,,,,,,,,,,,,,,,
Himachal Pradesh,2019,2019,60,44,67,81,52,82,64,76,70,78,79,52,61,,92,84,69,,,,,,,,,,,,,,,,,,,,,,,,,,,,,,,,,,,,,,,,,,,,,,,,,,,,,,,,,,,,,,,,,,,,,,,,,,,,,,,,,,,,,,,,,,,,,,,,,,,,,,,,,,,,,,,,,,
Himachal Pradesh,2018,2018,60,58,62,82,42,95,62,71,43,98,41,,,,93,91,69,,,,,,,,,,,,,,,,,,,,,,,,,,,,,,,,,,,,,,,,,,,,,,,,,,,,,,,,,,,,,,,,,,,,,,,,,,,,,,,,,,,,,,,,,,,,,,,,,,,,,,,,,,,,,,,,,,
Jammu and Kashmir,2023–24,2024,64,73,78,56,53,86,100,78,59,74,82,87,71,,61,81,66,99.61,21,26.9,44.1,5.2,2027.18,1,4.8,13.8,99.67,18.45,3,,17,108.66,81.41,0.02,74.3,2.4,6.19,97.92,18.6,16.91,84.3,6,53.2,80.5,24.8,19.7,1.2,74.4,75.69,33.4,89.7,13,976,0.76,9.7,0.66,125,77.7,7.6,75.2,81.6,77.12,100,100,100,83,24.2,0,100,122.28,0.19,33.18444166,17.77777778,57,1.2,0.1,,,,,,39.15,6.427577622,45.57757762,0.070470131,2.915721626,46.22490506,6.084410846,,0.7,18.7,0.8125277,6.883910387,2.445095168,9.45486778,77.1,95.3,87.36,8.02,4.8,67.6,45.8,96.8,14.1,21.23,56.26,99.48598131,8.518129929,8.39,61.25942628,28.61,12.83,97.2,93.12635156,0.5,85.98322148,7.321819509,99.90900819,77.86069652,90.26387625,33.38345865,129.3450046,71.12517698,1946.517997,3.869105874,97.30807197,23.60106585,12,67.73734451,3029,99.53254848
Jammu and Kashmir,2020–21,2021,69,71,70,49,46,88,100,47,42,65,57,95,63,,52,74,66,,,,,,,,,,,,,,,,,,,,,,,,,,,,,,,,,,,,,,,,,,,,,,,,,,,,,,,,,,,,,,,,,,,,,,,,,,,,,,,,,,,,,,,,,,,,,,,,,,,,,,,,,,,,,,,,,,
Jammu and Kashmir,2019,2019,58,55,62,54,53,85,76,46,49,47,33,61,59,,74,69,59,,,,,,,,,,,,,,,,,,,,,,,,,,,,,,,,,,,,,,,,,,,,,,,,,,,,,,,,,,,,,,,,,,,,,,,,,,,,,,,,,,,,,,,,,,,,,,,,,,,,,,,,,,,,,,,,,,
Jammu and Kashmir,2018,2018,61,60,53,51,39,52,58,43,35,71,23,,,,74,69,53,,,,,,,,,,,,,,,,,,,,,,,,,,,,,,,,,,,,,,,,,,,,,,,,,,,,,,,,,,,,,,,,,,,,,,,,,,,,,,,,,,,,,,,,,,,,,,,,,,,,,,,,,,,,,,,,,,
Jharkhand,2023–24,2024,56,28,77,61,42,86,70,64,53,59,74,71,30,,95,60,56,99.98,39.4,39.6,56.8,26.2,2086.15,0.38,28.81,50.3,99.96,41.83,9.8,56,27,97.28,81.89,0.03,69.6,5.6,9.96,99.4,11,6.4,94.4,9.3,46.4,74,18.6,16.9,1.01,74.6,94.03,85.2,94.9,35,899,0.6,31.4,0.6,207.55,67.6,11.27,49,90.9,51.91,100,100,100,97.1,31.38,1.9,100,74.97,0.27,51.5728227,45.67901235,34.2,16.9,3.3,,,,,,29.76,3.596517638,33.35651764,,3.819405433,16.55597371,-0.299451182,41,4,13.9,4.292832503,2.940751445,1.806016702,1.712022486,58.2,73.5,91.74,6.14,1.8,65.7,59.8,95.5,8.56,10.21,56.25,100,20.60246407,8.91,43.89144764,22.53,13.1,91.5,97.10225517,1.6,135.2395911,9.991175605,87.18190386,54.22907489,80.30160226,42.31788079,89.84899916,70.33495194,3.247591185,0.529775942,92.95187993,,7.5,12.64939048,3117,75.60299418
Jharkhand,2020–21,2021,36,19,74,45,51,83,77,54,37,65,71,55,25,,71,70,56,,,,,,,,,,,,,,,,,,,,,,,,,,,,,,,,,,,,,,,,,,,,,,,,,,,,,,,,,,,,,,,,,,,,,,,,,,,,,,,,,,,,,,,,,,,,,,,,,,,,,,,,,,,,,,,,,,
Jharkhand,2019,2019,28,22,55,42,34,78,50,70,70,64,57,36,27,,99,67,53,,,,,,,,,,,,,,,,,,,,,,,,,,,,,,,,,,,,,,,,,,,,,,,,,,,,,,,,,,,,,,,,,,,,,,,,,,,,,,,,,,,,,,,,,,,,,,,,,,,,,,,,,,,,,,,,,,
Jharkhand,2018,2018,37,35,40,58,32,51,20,52,47,72,52,,,,96,64,50,,,,,,,,,,,,,,,,,,,,,,,,,,,,,,,,,,,,,,,,,,,,,,,,,,,,,,,,,,,,,,,,,,,,,,,,,,,,,,,,,,,,,,,,,,,,,,,,,,,,,,,,,,,,,,,,,,
Karnataka,2023–24,2024,73,56,80,63,51,90,100,86,62,69,85,85,73,,70,81,72,100,32.9,35.4,45.7,17.2,2867.66,0.94,7.58,31.8,97.4,46.08,2.6,69,21,98.44,80.42,0.05,69.8,20.2,17.36,99.98,9.8,86.67,100,14.7,56.6,76,36.2,20.9,1.01,77.8,98.86,56.4,82.9,18,978,0.76,44.4,0.53,216.2,90.7,20.07,61.8,82.7,75.79,100,100,100,97.9,66.26,18.8,100,116.39,0.16,50.05198423,22.76785714,55.6,18.9,10.3,0.277235772,30.654,30,8.005853532,37,20.19,3.907378344,24.09737834,0.205160826,-1.91993496,27.4788963,0.127276651,14,2.1,41.3,0.964262932,5.736434109,2.115132693,5.770742779,78.3,97.5,97.53,7.43,2.6,62.9,39.2,94.5,16.65,28.29,56.56,100,13.06312855,10.36,65.4141927,32.34,18.01,92.8,96.86431015,1,112.3651429,12.53364738,97.21951898,87.11468722,85.63881552,60.83445491,225.9285128,56.44550671,135.9394976,5.52448707,89.26199309,10.236822,18,65.50632035,2871,92.55866702
Karnataka,2020–21,2021,68,53,78,64,57,85,100,66,64,67,78,89,62,,67,76,72,,,,,,,,,,,,,,,,,,,,,,,,,,,,,,,,,,,,,,,,,,,,,,,,,,,,,,,,,,,,,,,,,,,,,,,,,,,,,,,,,,,,,,,,,,,,,,,,,,,,,,,,,,,,,,,,,,
Karnataka,2019,2019,49,37,72,67,42,88,86,78,40,70,48,72,71,,89,75,66,,,,,,,,,,,,,,,,,,,,,,,,,,,,,,,,,,,,,,,,,,,,,,,,,,,,,,,,,,,,,,,,,,,,,,,,,,,,,,,,,,,,,,,,,,,,,,,,,,,,,,,,,,,,,,,,,,
Karnataka,2018,2018,52,54,69,76,43,62,77,72,57,68,36,,,,88,74,64,,,,,,,,,,,,,,,,,,,,,,,,,,,,,,,,,,,,,,,,,,,,,,,,,,,,,,,,,,,,,,,,,,,,,,,,,,,,,,,,,,,,,,,,,,,,,,,,,,,,,,,,,,,,,,,,,,
Kerala,2023–24,2024,81,84,80,82,66,87,100,74,69,71,84,53,80,,88,82,75,100,19.7,23.4,31.4,10.1,2882.2,2.28,0.55,57.8,100,50.4,0.3,19,8,85.4,97.45,0.01,75,28.5,12.1,99.85,17,144.03,100,5.5,85,77,41.3,24.3,1.44,94.8,99.51,98.3,96.6,15,951,0.8,9.8,0.53,166.67,72.2,22.98,86.6,94.1,52.46,99.5,100,100,99.5,54.55,0,100,100.18,0.1,52.4167211,11.42857143,101.6,34.5,35.5,0.472520325,28.2326,0,8.056336555,5.1,54.7,7.2583136,61.9583136,,-3.490392382,7.658190055,11.2522294,20,0.9,60,4.792600897,19.12858661,1.820970441,4.988789238,96,99,105.57,6.25,8.4,60.3,55.5,96.1,19.85,34.03,58.4,99.5049505,9.512511642,10.91,64.11872973,44.24,13.67,97.3,99.86091794,0,125.792819,4.880916262,100,88.41082582,99.88678177,2.819548872,191.6112943,47.10415412,3.050241028,3.390389687,46.96344883,136.2740337,24.5,48.42397829,1698,99.09564337
Kerala,2020–21,2021,83,80,72,80,63,89,100,62,60,69,75,65,69,,77,80,75,,,,,,,,,,,,,,,,,,,,,,,,,,,,,,,,,,,,,,,,,,,,,,,,,,,,,,,,,,,,,,,,,,,,,,,,,,,,,,,,,,,,,,,,,,,,,,,,,,,,,,,,,,,,,,,,,,
Kerala,2019,2019,64,74,82,74,51,77,70,61,88,75,51,57,56,,98,77,70,,,,,,,,,,,,,,,,,,,,,,,,,,,,,,,,,,,,,,,,,,,,,,,,,,,,,,,,,,,,,,,,,,,,,,,,,,,,,,,,,,,,,,,,,,,,,,,,,,,,,,,,,,,,,,,,,,
Kerala,2018,2018,66,72,92,87,50,62,60,61,68,72,46,,,,75,82,69,,,,,,,,,,,,,,,,,,,,,,,,,,,,,,,,,,,,,,,,,,,,,,,,,,,,,,,,,,,,,,,,,,,,,,,,,,,,,,,,,,,,,,,,,,,,,,,,,,,,,,,,,,,,,,,,,,
Ladakh,2023–24,2024,79,57,67,53,63,95,100,86,43,49,33,50,63,,42,90,66,99.99,20.4,30.5,78.1,4.4,1600.23,,3.53,17.1,99.92,124.21,,,,91.99,91.43,0.02,,4.3,22.07,99.63,18.6,,67.8,4.9,49.4,85,11.5,19.7,2.19,75.6,93.25,46.2,90,6,1125,0.87,17.7,0.88,,81.1,7.6,81.2,80.4,92.38,100,100,100,92.6,37.05,0,100,154.37,0.23,31.00541842,,50.2,0,0,,,,,,1.35,0.567671298,1.917671298,0.070470131,2.915721626,46.22490506,2.899412333,,1.7,9.4,0,0,5.647840532,0,82.4,98.6,81.9,,6.7,65.6,22.8,,30.56,55.3,54,98.46153846,,1.86,,34.34,5.91,,81.89300412,,108.5,47.25274725,,0,,,683.533498,,,,100.0057914,23.60106585,12,,3029,99.53254848
Ladakh,2020–21,2021,79,71,70,49,46,84,100,59,48,65,57,95,66,,27,74,66,,,,,,,,,,,,,,,,,,,,,,,,,,,,,,,,,,,,,,,,,,,,,,,,,,,,,,,,,,,,,,,,,,,,,,,,,,,,,,,,,,,,,,,,,,,,,,,,,,,,,,,,,,,,,,,,,,
Lakshadweep,2023–24,2024,83,83,69,67,65,95,83,63,48,70,50,64,13,,55,81,68,99.72,25.8,32,20.9,8,,,1.11,67.7,100,63.71,,,,108.79,55,,,2.9,2.9,100,9.6,0,71.2,0,62.4,82.5,1.1,18,6.33,97.8,100,100,98.8,7,1051,0.78,1.3,0.25,,46.5,41.03,84,92.2,81.05,100,100,100,100,61.723,0,100,85.74,0.11,37.27272727,,44.6,,0,,,,,,90.33,0.166666667,90.49666667,0.266666667,-11.01694915,1.4,,,0,55.3,0,0,5.797101449,28.98550725,73.5,100,109.3,,11.6,46.4,16.2,,31.88,43.48,52.48,,,10.64,,50.84,7.86,,66.66666667,,,0,,,,0,312.1374201,0,0,7.691176471,100,,9.5,15.62893082,,
Lakshadweep,2020–21,2021,61,74,78,62,58,100,83,62,40,75,56,63,68,,67,77,68,,,,,,,,,,,,,,,,,,,,,,,,,,,,,,,,,,,,,,,,,,,,,,,,,,,,,,,,,,,,,,,,,,,,,,,,,,,,,,,,,,,,,,,,,,,,,,,,,,,,,,,,,,,,,,,,,,
Lakshadweep,2019,2019,56,57,58,62,37,69,43,43,0,93,,75,100,,100,82,63,,,,,,,,,,,,,,,,,,,,,,,,,,,,,,,,,,,,,,,,,,,,,,,,,,,,,,,,,,,,,,,,,,,,,,,,,,,,,,,,,,,,,,,,,,,,,,,,,,,,,,,,,,,,,,,,,,
Lakshadweep,2018,2018,43,47,64,62,35,100,60,60,0,100,0,,,,100,74,62,,,,,,,,,,,,,,,,,,,,,,,,,,,,,,,,,,,,,,,,,,,,,,,,,,,,,,,,,,,,,,,,,,,,,,,,,,,,,,,,,,,,,,,,,,,,,,,,,,,,,,,,,,,,,,,,,,
Madhya Pradesh,2023–24,2024,67,48,56,49,48,87,90,64,39,54,86,92,63,,90,73,62,97.87,33,35.7,52.8,23,2946.62,0.92,20.63,38.1,99.55,61.44,7.2,173,51,93.19,76.04,0.02,67.4,17.9,16.2,98.48,12.2,36.72,81.5,10.1,51.3,81,28.9,17.2,0.94,72.6,76.26,26,89.9,23,956,0.83,28,0.55,196.61,82.5,11.88,38.5,86,61.4,99.99,100,100,95.9,58.75,8.2,100,91.73,0.22,49.99987277,35.65217391,43.9,68.2,19.4,,,,,,25.14,2.612797322,27.75279732,,3.485996056,19.17081479,1.456766856,22,2.3,71,1.839540813,39.47148818,2.38701537,3.422943032,86.6,94.1,92.01,5.34,1.7,67.8,59.5,95.6,9,13.13,55.57,99.97718067,7.546738422,6.27,35.90274241,20.76,12.74,89.6,95.85346362,2,113.1273664,20.11272142,99.94730602,98.81906984,99.28863127,52.77015908,100.0147227,61.42405147,83.75941419,1.647829367,98.84153261,3.80503492,16.5,38.20331312,3809,98.39635481
Madhya Pradesh,2020–21,2021,44,43,62,45,55,88,86,60,37,51,81,78,49,,84,66,62,,,,,,,,,,,,,,,,,,,,,,,,,,,,,,,,,,,,,,,,,,,,,,,,,,,,,,,,,,,,,,,,,,,,,,,,,,,,,,,,,,,,,,,,,,,,,,,,,,,,,,,,,,,,,,,,,,
Madhya Pradesh,2019,2019,40,24,50,54,45,92,62,67,44,68,55,58,47,,94,63,58,,,,,,,,,,,,,,,,,,,,,,,,,,,,,,,,,,,,,,,,,,,,,,,,,,,,,,,,,,,,,,,,,,,,,,,,,,,,,,,,,,,,,,,,,,,,,,,,,,,,,,,,,,,,,,,,,,
Madhya Pradesh,2018,2018,44,41,38,49,33,63,58,57,27,75,39,,,,91,59,52,,,,,,,,,,,,,,,,,,,,,,,,,,,,,,,,,,,,,,,,,,,,,,,,,,,,,,,,,,,,,,,,,,,,,,,,,,,,,,,,,,,,,,,,,,,,,,,,,,,,,,,,,,,,,,,,,,
Maharashtra,2023–24,2024,69,45,84,67,53,93,100,73,58,66,98,77,73,,68,76,70,100,36.1,35.2,45.7,20.8,1954.84,,7.81,22.4,99.76,27.91,1.7,33,18,101.04,86.71,0.04,72.9,18.1,12.52,99.66,14.5,69.93,100,10.7,71.5,78.5,35.3,25.7,0.9,85.1,94.61,81.4,98,21,913,0.76,25.2,0.54,212.28,84.2,15.46,54.8,89.8,85.2,99.82,100,100,94.6,53.83,2.55,100,116.84,0.17,53.47393355,18.75,42.8,20.7,7.1,0.178861789,57.389,1.25,8.014172852,7.2,16.51,3.934835382,20.44483538,0.264372971,2.519364007,35.72454202,3.472416151,10,1.8,57.5,6.402303239,8.499030739,1.799076831,5.956925622,75.3,96.3,95.14,,3.4,64.2,48,94.4,11.47,22.62,55.72,99.5545657,,12.42,,32.15,16.06,93.1,92.26514307,0.2,114.630235,9.975160797,99.96997899,94.93492036,99.45962174,107.8181619,172.5364139,50.83605214,13.52382342,2.510902623,100,8.732113583,27.5,37.35444013,2816,96.49641928
Maharashtra,2020–21,2021,66,44,83,64,51,90,100,62,66,71,87,82,58,,52,69,70,,,,,,,,,,,,,,,,,,,,,,,,,,,,,,,,,,,,,,,,,,,,,,,,,,,,,,,,,,,,,,,,,,,,,,,,,,,,,,,,,,,,,,,,,,,,,,,,,,,,,,,,,,,,,,,,,,
Maharashtra,2019,2019,47,34,76,65,41,93,82,70,59,70,45,71,50,,85,72,64,,,,,,,,,,,,,,,,,,,,,,,,,,,,,,,,,,,,,,,,,,,,,,,,,,,,,,,,,,,,,,,,,,,,,,,,,,,,,,,,,,,,,,,,,,,,,,,,,,,,,,,,,,,,,,,,,,
Maharashtra,2018,2018,47,47,60,74,43,81,69,74,53,76,34,,,,86,82,64,,,,,,,,,,,,,,,,,,,,,,,,,,,,,,,,,,,,,,,,,,,,,,,,,,,,,,,,,,,,,,,,,,,,,,,,,,,,,,,,,,,,,,,,,,,,,,,,,,,,,,,,,,,,,,,,,,
Manipur,2023–24,2024,74,77,75,65,45,83,88,57,62,79,83,67,71,,83,69,64,80.15,13.3,23.4,32.4,7.2,2584.66,,8.1,16.4,99.92,62.4,1.5,,,82.93,85.13,0.27,,0.8,3.97,87.23,14.4,53.13,100,1.3,69.9,81,35.4,28.9,1.01,88.6,66.04,37,77.4,9,967,0.81,39.6,0.45,,24.7,6.8,72.2,94.8,78.19,100,100,100,75.4,7.99,0,100,90.12,0.17,50.69124424,33.33333333,69.6,0,0.1,,,,,,74.34,0.75693107,75.09693107,,-1.002668935,38.29435213,1.762080142,89,1.5,11.6,0,5.825242718,1.976528721,3.748828491,10.4,87.4,82.54,,5,55.7,31.6,94.9,7.64,11.99,57.46,95.39877301,,14.72,,37.79,19.37,95.9,77.143951,0.4,93.25680506,4.549854792,99.3442623,96.069869,97.04918033,0,76.64277331,77.46365105,0,3.271832328,99.96534804,81.16883117,11,39.09988536,1822,100
Manipur,2020–21,2021,60,64,68,63,41,87,96,36,35,70,65,89,57,,60,69,64,,,,,,,,,,,,,,,,,,,,,,,,,,,,,,,,,,,,,,,,,,,,,,,,,,,,,,,,,,,,,,,,,,,,,,,,,,,,,,,,,,,,,,,,,,,,,,,,,,,,,,,,,,,,,,,,,,
Manipur,2019,2019,42,69,62,70,34,87,72,27,43,81,28,85,37,,100,70,60,,,,,,,,,,,,,,,,,,,,,,,,,,,,,,,,,,,,,,,,,,,,,,,,,,,,,,,,,,,,,,,,,,,,,,,,,,,,,,,,,,,,,,,,,,,,,,,,,,,,,,,,,,,,,,,,,,
Manipur,2018,2018,44,74,67,65,25,44,39,33,72,98,31,,,,100,70,59,,,,,,,,,,,,,,,,,,,,,,,,,,,,,,,,,,,,,,,,,,,,,,,,,,,,,,,,,,,,,,,,,,,,,,,,,,,,,,,,,,,,,,,,,,,,,,,,,,,,,,,,,,,,,,,,,,
Meghalaya,2023–24,2024,63,52,71,40,58,80,62,57,44,77,42,76,80,,71,66,60,100,26.6,46.5,45,10.8,2738.04,0.64,27.79,69,99.97,35.68,4.6,,,96.71,83.15,0.31,,6.4,4.87,71.27,10.7,35.41,100,21.7,46,60,25.4,12.3,1.24,94.3,20.53,18.3,62,12,989,0.86,15,0.78,95.24,41.4,34.32,67.5,92.3,76.53,100,100,100,69.7,4.58,0,100,68.61,0.25,,91.66666667,169.8,0,0,,,,,,76,3.112042445,79.11204245,0.014267243,1.338372954,28.37785902,12.66892984,20,2.2,35.9,0.60132291,1.811594203,3.061831153,2.104630186,26.9,82.1,77.69,2.88,6.2,71.7,43.4,90,11.53,13.79,58.32,95.68106312,9.021862872,2.63,58.9078359,30.49,16,87.4,83.02816901,2.1,31.6620608,7.288629738,72.35772358,21.62162162,52.84552846,0,182.9877439,0,0,0.058374083,100,28.125,16.5,75.25316067,1798,97.93253536
Meghalaya,2020–21,2021,77,37,70,48,51,75,50,63,25,88,51,73,62,,64,72,60,,,,,,,,,,,,,,,,,,,,,,,,,,,,,,,,,,,,,,,,,,,,,,,,,,,,,,,,,,,,,,,,,,,,,,,,,,,,,,,,,,,,,,,,,,,,,,,,,,,,,,,,,,,,,,,,,,
Meghalaya,2019,2019,68,35,53,55,34,70,52,65,22,76,22,60,36,,99,59,54,,,,,,,,,,,,,,,,,,,,,,,,,,,,,,,,,,,,,,,,,,,,,,,,,,,,,,,,,,,,,,,,,,,,,,,,,,,,,,,,,,,,,,,,,,,,,,,,,,,,,,,,,,,,,,,,,,
Meghalaya,2018,2018,68,43,52,38,36,40,11,62,42,100,39,,,,94,53,52,,,,,,,,,,,,,,,,,,,,,,,,,,,,,,,,,,,,,,,,,,,,,,,,,,,,,,,,,,,,,,,,,,,,,,,,,,,,,,,,,,,,,,,,,,,,,,,,,,,,,,,,,,,,,,,,,,
Mizoram,2023–24,2024,74,76,69,65,69,94,100,81,55,43,70,57,79,,67,84,68,96.67,12.7,28.9,34,5.3,1737.4,,5.3,50.3,99.99,37.31,4.8,,,101.1,69.5,0.86,,12.4,6.75,90.69,9.9,60.78,100,11.9,61.3,70,32.3,17.4,1.06,99.3,81.54,53.5,80.8,9,969,0.79,10.3,0.67,,61.4,11.78,82.3,98.8,100,100,100,100,86.9,3.7,0,100,114.03,0.13,,97.5,47.4,410.5,2.8,,,,,,84.53,2.106161947,86.63616195,,1.331170076,34.92106636,47.14461758,8,2.5,32,0,0.238095238,5.948553055,8.130081301,58,99.4,98.07,,2.3,61.9,11,95.7,18.61,13.92,52.62,99.56896552,,5.43,,45.66,13.41,94.4,77.85467128,0.6,77.82373335,3.407407407,100,,61.95121951,9.708737864,157.9734629,98.41269841,0,1.251661157,100,,16.5,65.49786977,1585,99.60474308
Mizoram,2020–21,2021,80,72,79,60,54,85,100,51,32,64,61,87,66,,48,81,68,,,,,,,,,,,,,,,,,,,,,,,,,,,,,,,,,,,,,,,,,,,,,,,,,,,,,,,,,,,,,,,,,,,,,,,,,,,,,,,,,,,,,,,,,,,,,,,,,,,,,,,,,,,,,,,,,,
Mizoram,2019,2019,67,75,52,61,37,81,81,42,8,66,33,50,45,,75,63,56,,,,,,,,,,,,,,,,,,,,,,,,,,,,,,,,,,,,,,,,,,,,,,,,,,,,,,,,,,,,,,,,,,,,,,,,,,,,,,,,,,,,,,,,,,,,,,,,,,,,,,,,,,,,,,,,,,
Mizoram,2018,2018,71,69,53,54,43,67,78,65,0,100,32,,,,69,71,59,,,,,,,,,,,,,,,,,,,,,,,,,,,,,,,,,,,,,,,,,,,,,,,,,,,,,,,,,,,,,,,,,,,,,,,,,,,,,,,,,,,,,,,,,,,,,,,,,,,,,,,,,,,,,,,,,,
Nagaland,2023–24,2024,63,60,63,46,74,86,50,76,50,55,38,59,79,,74,65,61,94.99,26.9,32.7,22.2,11.1,1583.3,0.68,15.43,22,99.62,36.2,8,,,62.18,82.5,0.48,,2.2,0.99,85.19,7.9,8.76,80.3,17.5,35.8,76,18.8,11.9,1.28,94.4,55.85,57.4,67.7,10,945,0.74,6.5,0.81,285.71,68.2,9.85,82.5,99.2,86.04,100,100,100,77.1,3.76,0,100,58.6,0.21,,98.33333333,58.5,,0,,,,,,73.9,2.201580312,76.10158031,,-0.43902691,47.05464745,5.37259209,,0.9,4.3,0,5,1.515827017,0,58,73.2,62.29,8.58,4.6,74.4,11.9,91.7,8.89,15.09,55.18,95.41284404,0.826545559,6.17,61.74415561,37.78,11,94.2,76.22149837,2.9,91.6506595,0.502008032,49.76190476,3.973509934,31.42857143,0,96.81950556,100,0,0.258936755,100,56.23242737,10.5,49.07300672,1408,100
Nagaland,2020–21,2021,73,64,61,39,48,87,69,48,30,46,48,91,69,,63,79,61,,,,,,,,,,,,,,,,,,,,,,,,,,,,,,,,,,,,,,,,,,,,,,,,,,,,,,,,,,,,,,,,,,,,,,,,,,,,,,,,,,,,,,,,,,,,,,,,,,,,,,,,,,,,,,,,,,
Nagaland,2019,2019,56,70,29,47,42,75,70,28,23,61,23,100,51,,94,84,57,,,,,,,,,,,,,,,,,,,,,,,,,,,,,,,,,,,,,,,,,,,,,,,,,,,,,,,,,,,,,,,,,,,,,,,,,,,,,,,,,,,,,,,,,,,,,,,,,,,,,,,,,,,,,,,,,,
Nagaland,2018,2018,59,69,34,45,42,58,45,40,0,80,32,,,,75,87,51,,,,,,,,,,,,,,,,,,,,,,,,,,,,,,,,,,,,,,,,,,,,,,,,,,,,,,,,,,,,,,,,,,,,,,,,,,,,,,,,,,,,,,,,,,,,,,,,,,,,,,,,,,,,,,,,,,
Odisha,2023–24,2024,73,45,73,40,39,88,84,75,48,64,74,85,64,,76,62,61,99.93,29.7,31,61.8,20.8,2218.65,0.6,15.68,47.9,99.92,,11.3,119,39,82.02,92.88,0.04,70.3,13.3,11.87,99.29,13.1,50.02,93,27.3,43.6,77.5,22.1,13.8,0.88,75.6,83.57,26.4,95.6,18,894,0.59,30.3,0.58,216.45,60,4.06,50.1,90.2,72.97,99.42,100,100,90.2,46.33,0,100,86.43,0.23,52.68264999,38.7755102,55.6,40.4,8.1,0.508838049,18.75825,3.187250996,7.972502456,27.4,33.5,3.213728349,36.71372835,0.373374351,2.901306536,38.32272794,1.035045627,11,3,57.2,24.30397327,33.01179736,2.256383757,6.227893149,77.9,90.8,95.99,8.51,4.3,66.6,51.6,96.9,12.38,18.8,56.21,99.96081761,24.30900996,7.95,35.5515826,25.57,11.42,88.3,89.69047991,3.1,119.1790746,35.73416841,100,90.72345391,100,29.48517941,158.9757247,59.87435732,51.21984228,1.125524675,100.0002398,22.7810783,22,34.878315,3201,88.43414222
Odisha,2020–21,2021,41,42,67,45,46,86,80,48,46,66,70,73,70,,83,59,61,,,,,,,,,,,,,,,,,,,,,,,,,,,,,,,,,,,,,,,,,,,,,,,,,,,,,,,,,,,,,,,,,,,,,,,,,,,,,,,,,,,,,,,,,,,,,,,,,,,,,,,,,,,,,,,,,,
Odisha,2019,2019,47,34,61,40,35,85,50,59,72,69,51,44,69,,99,61,58,,,,,,,,,,,,,,,,,,,,,,,,,,,,,,,,,,,,,,,,,,,,,,,,,,,,,,,,,,,,,,,,,,,,,,,,,,,,,,,,,,,,,,,,,,,,,,,,,,,,,,,,,,,,,,,,,,
Odisha,2018,2018,59,46,54,46,43,46,23,53,32,78,34,,,,100,55,51,,,,,,,,,,,,,,,,,,,,,,,,,,,,,,,,,,,,,,,,,,,,,,,,,,,,,,,,,,,,,,,,,,,,,,,,,,,,,,,,,,,,,,,,,,,,,,,,,,,,,,,,,,,,,,,,,,
Puducherry,2023–24,2024,58,84,65,76,64,98,100,67,76,80,72,60,48,,76,79,68,99.92,15.3,20,42.5,9,2998.02,1.26,0.85,30.1,100,3.43,,,,59.62,78.27,0.06,,29.7,11.17,99.99,7.2,23.62,76.9,6.3,68.7,80,61.5,28.6,1.02,89.8,100,99.6,98.8,10,959,0.73,30,0.48,192.31,81.3,22.8,82.8,97.9,100,100,100,100,100,70.27,12.5,100,105.06,0.12,,16.66666667,89.5,4.6,,,,,,,10.88,4.693877551,15.57387755,2.751020408,-4.218362283,3.365306122,,,1.9,38.8,14.18877236,10.55555556,1.73965207,2.467612585,91.3,99.3,94.67,3.87,6.1,58.2,34.1,,17.07,38.27,56.68,,30.38558281,18.48,47.11784481,53.42,15.88,,100,,91.3395529,3.080985915,100,7.712082262,100,36.64596273,507.2516585,73.9965096,51.1869536,8.191393706,100,,21,11.70006313,,99.58847737
Puducherry,2020–21,2021,75,59,70,70,66,91,98,68,59,62,76,66,23,,50,86,68,,,,,,,,,,,,,,,,,,,,,,,,,,,,,,,,,,,,,,,,,,,,,,,,,,,,,,,,,,,,,,,,,,,,,,,,,,,,,,,,,,,,,,,,,,,,,,,,,,,,,,,,,,,,,,,,,,
Puducherry,2019,2019,56,71,71,67,35,86,97,58,86,92,53,43,39,,37,94,66,,,,,,,,,,,,,,,,,,,,,,,,,,,,,,,,,,,,,,,,,,,,,,,,,,,,,,,,,,,,,,,,,,,,,,,,,,,,,,,,,,,,,,,,,,,,,,,,,,,,,,,,,,,,,,,,,,
Puducherry,2018,2018,61,71,66,69,27,45,61,85,100,94,27,,,,50,92,65,,,,,,,,,,,,,,,,,,,,,,,,,,,,,,,,,,,,,,,,,,,,,,,,,,,,,,,,,,,,,,,,,,,,,,,,,,,,,,,,,,,,,,,,,,,,,,,,,,,,,,,,,,,,,,,,,,
Punjab,2023–24,2024,84,83,79,75,47,74,100,68,69,77,94,76,66,,65,81,68,100,16.9,24.5,51.7,12.7,4491.8,2.76,4.75,25.2,99.92,117.84,1.1,105,22,93.96,78.79,0.07,72.5,8,15.32,99.49,13.5,77.83,99.2,17.2,82.1,91.5,27.4,23.4,1.19,81.4,99.98,99.6,97.7,11,904,0.64,11.6,0.37,226.76,66,1.55,61.2,91.4,100,96.46,100,100,99.4,163.76,76.47,100,142.6,0.1,41.79161018,29.05982906,60,1.8,,,,,,,3.67,2.259640205,5.929640205,0.240220801,1.603717026,3.150291887,16.1323996,131,2.2,28.5,0.849673203,12.73455378,2.859458583,7.418300654,66.4,97.7,102.68,4.6,6.7,57.9,67.2,95.5,22,26.96,53.47,100,16.81595077,17.75,45.56466011,37.95,15.35,96.7,99.81649912,0.5,101.65,15.78906004,99.43502825,93.02200751,98.46202134,94.28268925,222.1255716,79.09898681,73.16324753,3.582525877,100,4.713963433,18,40.77966115,3523,96.61654135
Punjab,2020–21,2021,69,73,77,60,45,66,100,57,69,68,91,71,51,,48,76,68,,,,,,,,,,,,,,,,,,,,,,,,,,,,,,,,,,,,,,,,,,,,,,,,,,,,,,,,,,,,,,,,,,,,,,,,,,,,,,,,,,,,,,,,,,,,,,,,,,,,,,,,,,,,,,,,,,
Punjab,2019,2019,48,61,71,67,46,74,89,65,69,50,61,35,57,,59,83,62,,,,,,,,,,,,,,,,,,,,,,,,,,,,,,,,,,,,,,,,,,,,,,,,,,,,,,,,,,,,,,,,,,,,,,,,,,,,,,,,,,,,,,,,,,,,,,,,,,,,,,,,,,,,,,,,,,
Punjab,2018,2018,56,71,71,63,43,60,61,57,48,62,36,,,,67,84,60,,,,,,,,,,,,,,,,,,,,,,,,,,,,,,,,,,,,,,,,,,,,,,,,,,,,,,,,,,,,,,,,,,,,,,,,,,,,,,,,,,,,,,,,,,,,,,,,,,,,,,,,,,,,,,,,,,
Rajasthan,2023–24,2024,82,64,73,63,52,60,100,65,53,49,75,89,62,,54,70,60,98.52,27.6,31.8,46.3,19.6,3598.85,1.09,15.31,87.8,99.95,46.08,3.5,113,40,76.63,94.18,0.03,69.4,6.6,13.8,99.59,11.8,56.13,93.7,7.7,70.4,85,28.6,14.9,0.97,68.3,86.78,52,97.4,11,891,0.91,24.1,0.64,220.26,77.7,10.12,50.2,87.7,47.71,95.45,100,100,92.6,148.77,71.52,100,114.74,0.18,51.31978047,29.5,32.2,71.6,27.3,,,,,,4.87,2.551725549,7.421725549,0.133415537,2.224929173,52.69436271,-1.341819799,5,2.3,33.3,5.730694645,22.01137171,2.07030196,6.35224504,49.8,91.4,94.61,6.46,4.9,64.8,62.2,97.6,10.55,14.31,57.71,100.0438157,11.48551897,10.09,44.58611082,20.47,12.88,97.2,95.42721965,0.3,101.8692312,15.72680823,98.82352941,43.7210467,78.15958066,37.51962323,136.9628397,72.39402007,95.23337812,0.841031308,100.0000511,2.219552956,18.5,66.05399949,4528,89.14591256
Rajasthan,2020–21,2021,63,53,70,60,39,54,100,57,45,45,81,74,49,,43,73,60,,,,,,,,,,,,,,,,,,,,,,,,,,,,,,,,,,,,,,,,,,,,,,,,,,,,,,,,,,,,,,,,,,,,,,,,,,,,,,,,,,,,,,,,,,,,,,,,,,,,,,,,,,,,,,,,,,
Rajasthan,2019,2019,56,35,58,51,39,76,61,65,38,70,61,30,60,,75,76,57,,,,,,,,,,,,,,,,,,,,,,,,,,,,,,,,,,,,,,,,,,,,,,,,,,,,,,,,,,,,,,,,,,,,,,,,,,,,,,,,,,,,,,,,,,,,,,,,,,,,,,,,,,,,,,,,,,
Rajasthan,2018,2018,59,45,49,73,37,43,63,57,62,79,45,,,,68,81,59,,,,,,,,,,,,,,,,,,,,,,,,,,,,,,,,,,,,,,,,,,,,,,,,,,,,,,,,,,,,,,,,,,,,,,,,,,,,,,,,,,,,,,,,,,,,,,,,,,,,,,,,,,,,,,,,,,
Sikkim,2023–24,2024,66,77,66,67,65,97,83,84,55,80,88,75,81,,72,80,71,93.78,13.1,22.3,40.7,5.8,1849.83,1.01,2.6,28,99.98,9.19,1.5,,,65.47,93,0.03,,43.1,14.33,99.46,,49.35,85.2,11.9,64.2,75,38.6,20.4,1.21,85.4,99.13,89.9,83.2,9,969,0.82,12.4,0.84,,67.8,6.29,88.6,89.7,88.56,100,100,100,99.2,5.54,0,100,86.24,0.14,50.30355594,43.75,71.9,10.6,1.9,,,,,,47.08,0.549605412,47.62960541,0.195744081,-2.869884575,10.7511274,7.442634192,,1.3,77.2,1.461988304,7.619047619,5.49132948,2.923976608,55.5,96.5,84.43,5.44,2.4,78.1,55.2,91.8,25.47,35.4,52.81,100,35.67894318,3.39,28.57580608,39.22,13.85,95.7,93.49240781,1,98.10964083,3.975535168,100,73.01587302,100,57.69230769,217.1859754,0,0,0.122956909,100,45.52352049,16,87.03601824,1620,100
Sikkim,2020–21,2021,80,69,62,58,58,89,100,71,52,61,85,76,65,,73,72,71,,,,,,,,,,,,,,,,,,,,,,,,,,,,,,,,,,,,,,,,,,,,,,,,,,,,,,,,,,,,,,,,,,,,,,,,,,,,,,,,,,,,,,,,,,,,,,,,,,,,,,,,,,,,,,,,,,
Sikkim,2019,2019,65,66,59,58,49,79,97,68,27,64,74,60,38,,100,69,65,,,,,,,,,,,,,,,,,,,,,,,,,,,,,,,,,,,,,,,,,,,,,,,,,,,,,,,,,,,,,,,,,,,,,,,,,,,,,,,,,,,,,,,,,,,,,,,,,,,,,,,,,,,,,,,,,,
Sikkim,2018,2018,64,67,52,47,50,78,47,57,1,67,56,,,,98,66,58,,,,,,,,,,,,,,,,,,,,,,,,,,,,,,,,,,,,,,,,,,,,,,,,,,,,,,,,,,,,,,,,,,,,,,,,,,,,,,,,,,,,,,,,,,,,,,,,,,,,,,,,,,,,,,,,,,
Tamil Nadu,2023–24,2024,92,75,77,76,53,90,100,81,67,76,81,78,81,,72,78,74,99.84,22,25,48.2,12.6,3564.23,1.05,2.2,66.5,99.99,197.65,2.1,54,13,85.13,78.23,0.03,73.2,25.9,23.31,99.98,9.1,86.51,99.5,4.5,81.5,67,47,19.1,1.01,83.9,100,78.4,99.9,13,878,0.76,38.1,0.54,190.18,86.1,19.65,74.6,92.8,81.87,100,100,100,99.6,73.91,31.95,100,102.94,0.1,52.98919681,19.65811966,59,12.2,8.4,0.751958244,27.393,0,8.019290295,16.5,20.31,3.401506997,23.711507,0.099646317,-1.000544326,18.76473166,3.632558628,40,2.2,31.8,0.065183099,33.92545983,1.853415246,3.402557785,70.7,98.3,97.94,7.87,4.8,62.3,48.5,96.6,16.68,39.05,58.59,100,20.43306691,16.77,53.05490324,33.98,15.69,92.8,98.00460941,0.9,123.312223,12.54456654,99.87345777,65.10928791,99.86554888,23.23625603,200.7542876,59.84206659,48.81122096,5.64037768,100,12.85449245,24.5,56.18638998,2412,99.34408693
Tamil Nadu,2020–21,2021,86,66,81,69,59,87,100,71,71,74,79,78,61,,63,71,74,,,,,,,,,,,,,,,,,,,,,,,,,,,,,,,,,,,,,,,,,,,,,,,,,,,,,,,,,,,,,,,,,,,,,,,,,,,,,,,,,,,,,,,,,,,,,,,,,,,,,,,,,,,,,,,,,,
Tamil Nadu,2019,2019,72,48,76,70,40,90,90,74,53,65,51,63,45,,91,78,67,,,,,,,,,,,,,,,,,,,,,,,,,,,,,,,,,,,,,,,,,,,,,,,,,,,,,,,,,,,,,,,,,,,,,,,,,,,,,,,,,,,,,,,,,,,,,,,,,,,,,,,,,,,,,,,,,,
Tamil Nadu,2018,2018,76,61,77,75,38,66,89,71,46,85,33,,,,74,61,66,,,,,,,,,,,,,,,,,,,,,,,,,,,,,,,,,,,,,,,,,,,,,,,,,,,,,,,,,,,,,,,,,,,,,,,,,,,,,,,,,,,,,,,,,,,,,,,,,,,,,,,,,,,,,,,,,,
Telangana,2023–24,2024,91,58,73,64,49,90,100,84,60,65,86,75,59,,82,67,69,99.96,31.8,33.1,53.2,18.8,3392.62,1.05,5.88,69.2,99.96,,1.3,43,23,106.13,91.18,0.05,70,26.3,19.92,100,14.4,30.31,100,13.7,64.8,69.5,40,20.8,1.08,75.7,90.81,42.9,97.8,10,894,0.69,37.2,0.62,208.6,89.4,23,60,87.2,100,100,100,100,78.8,38.65,1.8,100,118.49,0.1,50.34986663,26.05042017,41.8,32.9,16.6,,,,,,18.93,2.54111013,21.47111013,2.629932992,6.680628548,28.84999598,1.10179457,,2.5,49.7,18.54925829,30.25483304,1.576700453,2.819276474,79.1,90,103.55,6.52,4.6,66.5,38.9,96.9,15.9,28.27,58.04,100,9.759857798,10.34,64.1766831,31.68,17.66,92.5,97.24590807,0.2,96.12067911,15.11998657,99.80689655,98.1998595,99.00689655,33.87218045,197.4917288,67.51384119,86.47608622,12.57147796,100,,13,39.3389977,2710,93.37658827
Telangana,2020–21,2021,68,50,67,63,41,96,100,73,59,67,76,73,43,,81,71,69,,,,,,,,,,,,,,,,,,,,,,,,,,,,,,,,,,,,,,,,,,,,,,,,,,,,,,,,,,,,,,,,,,,,,,,,,,,,,,,,,,,,,,,,,,,,,,,,,,,,,,,,,,,,,,,,,,
Telangana,2019,2019,52,36,66,64,26,84,93,82,61,94,62,58,66,,88,77,67,,,,,,,,,,,,,,,,,,,,,,,,,,,,,,,,,,,,,,,,,,,,,,,,,,,,,,,,,,,,,,,,,,,,,,,,,,,,,,,,,,,,,,,,,,,,,,,,,,,,,,,,,,,,,,,,,,
Tripura,2023–24,2024,71,63,79,52,45,82,74,74,39,77,80,99,51,,95,82,65,97.65,25.6,32.3,61.5,16.2,3080.7,1.52,13.11,36.4,99.99,43.03,6.4,,,98,86.4,0.18,,17.3,5.85,98.21,14.2,38.14,100,8.3,56.3,77,20.7,13.4,0.89,92.2,53.48,32.6,86.1,14,1028,0.63,20.7,0.48,,61.9,12.3,53.1,90.9,78.91,96.46,100,100,74.6,9.92,0,100,78.37,0.2,45.23021366,50,72,0.3,0.3,,,,,,73.64,2.174327675,75.81432768,,-1.423932051,9.796109098,2.344850936,17,2.6,17.9,0,10.24390244,3.31332533,0,73.1,93.8,93.6,7.8,1.5,60.4,51.2,96.6,15.04,15.97,55.92,98.7032419,3.21455257,3.12,45.14892081,39.31,11.43,91.5,64.78121665,4.4,115.3668311,4.794952681,100,97.32142857,100,3.375527426,64.09828822,58.41942149,103.2786885,0.015218465,100,55.51349987,22.5,16.03414679,3598,88.03532009
Tripura,2020–21,2021,82,52,67,42,39,82,83,57,35,85,67,99,41,,69,80,65,,,,,,,,,,,,,,,,,,,,,,,,,,,,,,,,,,,,,,,,,,,,,,,,,,,,,,,,,,,,,,,,,,,,,,,,,,,,,,,,,,,,,,,,,,,,,,,,,,,,,,,,,,,,,,,,,,
Tripura,2019,2019,70,49,61,55,32,69,56,63,48,45,31,92,37,,88,73,58,,,,,,,,,,,,,,,,,,,,,,,,,,,,,,,,,,,,,,,,,,,,,,,,,,,,,,,,,,,,,,,,,,,,,,,,,,,,,,,,,,,,,,,,,,,,,,,,,,,,,,,,,,,,,,,,,,
Tripura,2018,2018,71,58,53,56,38,38,32,52,38,89,38,,,,86,71,55,,,,,,,,,,,,,,,,,,,,,,,,,,,,,,,,,,,,,,,,,,,,,,,,,,,,,,,,,,,,,,,,,,,,,,,,,,,,,,,,,,,,,,,,,,,,,,,,,,,,,,,,,,,,,,,,,,
Uttar Pradesh,2023–24,2024,57,50,61,54,42,92,100,60,53,66,82,85,52,,70,77,60,99.29,32.1,39.7,45.9,19,3234.68,0.73,22.93,15.9,99.98,38.91,5.7,167,43,99.41,95.06,0.04,66,3.5,10.3,94.98,16.6,20.72,94,9.7,50.7,68,24.1,17.8,1.02,72,89.43,27,88.4,27,941,0.85,34.9,0.39,192.92,59.1,7.65,46.5,87.5,81.07,99.71,100,100,97.1,70.76,7.42,100,107.37,0.21,33.34052246,21.33995037,40.7,37.2,0.4,,,,,,6.15,3.08017333,9.23017333,0.168838823,1.340651742,11.86209158,1.348007877,7,1.5,21.9,0.602322144,3.977499121,1.627285074,0.380189155,76.1,79.5,94.42,8.9,2.6,56.9,65.3,96.6,7.99,10.15,53.64,99.99148864,12.08476449,9.2,46.35452217,22.59,14.22,94.9,99.70056192,1,108.6637037,18.02181325,95.58520832,94.08608161,91.8376038,40.83262738,86.13161684,72.45984287,71.40208938,1.636899579,100,4.708456837,16.5,27.460643,4390,92.20790681
Uttar Pradesh,2020–21,2021,44,41,60,51,50,83,100,53,42,41,77,79,39,,61,79,60,,,,,,,,,,,,,,,,,,,,,,,,,,,,,,,,,,,,,,,,,,,,,,,,,,,,,,,,,,,,,,,,,,,,,,,,,,,,,,,,,,,,,,,,,,,,,,,,,,,,,,,,,,,,,,,,,,
Uttar Pradesh,2019,2019,40,31,34,48,41,94,63,64,63,46,56,62,48,,62,69,55,,,,,,,,,,,,,,,,,,,,,,,,,,,,,,,,,,,,,,,,,,,,,,,,,,,,,,,,,,,,,,,,,,,,,,,,,,,,,,,,,,,,,,,,,,,,,,,,,,,,,,,,,,,,,,,,,,
Uttar Pradesh,2018,2018,48,43,25,53,27,55,23,55,29,38,37,,,,55,61,42,,,,,,,,,,,,,,,,,,,,,,,,,,,,,,,,,,,,,,,,,,,,,,,,,,,,,,,,,,,,,,,,,,,,,,,,,,,,,,,,,,,,,,,,,,,,,,,,,,,,,,,,,,,,,,,,,,
Uttarakhand,2023–24,2024,83,66,84,73,56,94,100,80,62,69,89,86,71,,94,81,72,100,21,27,46.4,13.9,2857.33,0.73,9.67,62.5,99.88,68.49,4.2,103,26,93.72,98.4,0.05,70.6,7,9.02,93.64,12.5,51.77,100,5,78.8,77.5,41.8,24.7,1.09,83.5,84.06,58.3,96.9,11,984,0.88,15.3,0.52,155.74,72.6,11.93,60.9,91,93.83,100,100,100,90.8,51.69,0,100,119.94,0.17,56.01789923,21.42857143,35.9,6,0.3,,,,,,45.44,1.871622759,47.31162276,4.160293925,1.953832715,17.67913169,3.955400129,104,1.6,44.9,2.595829367,17.10526316,2.639671963,1.644025266,71.5,91.9,101.17,6.57,4.9,60.1,46,96.9,19.54,25.93,52.09,98.9806867,31.9103931,9.86,43.85867077,31.11,17.67,96.5,88.87335926,0.9,100.9406657,12.06225681,94.74091261,90.19843656,86.92962104,82.13716108,158.5556622,77.04700949,132.2902217,1.643548387,99.83453694,62.41519674,19.5,69.34626272,3300,99.86531987
Uttarakhand,2020–21,2021,74,61,77,70,46,85,100,63,56,77,76,82,60,,64,86,72,,,,,,,,,,,,,,,,,,,,,,,,,,,,,,,,,,,,,,,,,,,,,,,,,,,,,,,,,,,,,,,,,,,,,,,,,,,,,,,,,,,,,,,,,,,,,,,,,,,,,,,,,,,,,,,,,,
Uttarakhand,2019,2019,64,45,58,66,38,90,78,73,55,59,51,50,59,,95,85,64,,,,,,,,,,,,,,,,,,,,,,,,,,,,,,,,,,,,,,,,,,,,,,,,,,,,,,,,,,,,,,,,,,,,,,,,,,,,,,,,,,,,,,,,,,,,,,,,,,,,,,,,,,,,,,,,,,
Uttarakhand,2018,2018,65,53,36,68,41,78,55,67,33,62,41,,,,100,86,60,,,,,,,,,,,,,,,,,,,,,,,,,,,,,,,,,,,,,,,,,,,,,,,,,,,,,,,,,,,,,,,,,,,,,,,,,,,,,,,,,,,,,,,,,,,,,,,,,,,,,,,,,,,,,,,,,,
West Bengal,2023–24,2024,63,56,79,60,45,86,100,63,66,70,54,94,44,,91,82,62,100,32.2,33.8,62.3,14.8,2947.96,1.02,11.89,33.7,99.59,0,4.3,103,22,98.01,77.67,0.03,72.3,12.8,5.86,99.12,16.9,37.48,100,18,62,77.5,26.3,16.6,1.03,80.6,97.06,18.4,97.2,17,973,0.65,26.9,0.42,218.57,74.6,3.17,50.1,88.9,46.64,99.83,100,100,99.9,44.81,0,100,107.78,0.25,51.42413345,28.57142857,63.2,0.5,1.7,3.503018211,43.4905,0.09469697,7.848626286,64.6,18.96,2.646700919,21.60670092,,5.115602045,5.560888769,2.907497473,99,1.7,29.8,0.941638654,41.51666667,1.092962169,0.25312867,90.6,98.2,99.83,5.62,2.3,61.8,61.3,95,10.07,13.36,57.42,100,14.40003332,18.75,55.125316,31.91,12.98,93.3,99.87552171,0.8,54.86252427,5.094711152,84.51505017,9.979685119,56.82274247,22.02675463,96.25109124,51.6190291,96.02356223,4.270161744,100,27.56476684,19.5,18.85998395,3761,
West Bengal,2020–21,2021,59,46,76,54,41,81,98,57,53,71,45,79,39,,53,81,62,,,,,,,,,,,,,,,,,,,,,,,,,,,,,,,,,,,,,,,,,,,,,,,,,,,,,,,,,,,,,,,,,,,,,,,,,,,,,,,,,,,,,,,,,,,,,,,,,,,,,,,,,,,,,,,,,,
West Bengal,2019,2019,52,40,70,50,38,83,58,72,68,73,34,57,37,,88,73,60,,,,,,,,,,,,,,,,,,,,,,,,,,,,,,,,,,,,,,,,,,,,,,,,,,,,,,,,,,,,,,,,,,,,,,,,,,,,,,,,,,,,,,,,,,,,,,,,,,,,,,,,,,,,,,,,,,
West Bengal,2018,2018,57,50,66,51,40,54,40,63,45,76,25,,,,88,72,56,,,,,,,,,,,,,,,,,,,,,,,,,,,,,,,,,,,,,,,,,,,,,,,,,,,,,,,,,,,,,,,,,,,,,,,,,,,,,,,,,,,,,,,,,,,,,,,,,,,,,,,,,,,,,,,,,,